{"type": "FeatureCollection", "metadata": {"source": "Overture Maps", "source_release": "2026-08-19.0", "observation_bbox": "71.20,50.98,71.75,51.30", "feature_count": 181, "input_feature_count": 182, "unassigned_input_feature_count": 1, "assignment_method": "within_centroid_or_line_point_on_surface", "unassigned_note": "Объекты за пределами районов или на границах не распределяются искусственно."}, "features": [{"type": "Feature", "geometry": {"type": "Polygon", "coordinates": [[[71.4603269, 51.1465198], [71.460288, 51.1464621], [71.4602918, 51.1464259], [71.4603136, 51.1463935], [71.4603461, 51.1463698], [71.460397, 51.1463506], [71.4604713, 51.1463438], [71.4605115, 51.1463488], [71.4605478, 51.1463592], [71.4605878, 51.1463805], [71.4606022, 51.1463925], [71.4603572, 51.1464729], [71.4603269, 51.1465198]]]}, "properties": {"id": "09b35a10-e97d-3293-88ab-dfe9abad521c", "name": null, "class": "park", "district_id": "almaty"}}, {"type": "Feature", "geometry": {"type": "Polygon", "coordinates": [[[71.5032851, 51.1492799], [71.5025564, 51.1484971], [71.5039328, 51.1480168], [71.5046394, 51.1487904], [71.5032851, 51.1492799]]]}, "properties": {"id": "1224508a-2b0e-31d8-94c2-e60c2adef3bf", "name": null, "class": "park", "district_id": "almaty"}}, {"type": "Feature", "geometry": {"type": "Polygon", "coordinates": [[[71.4608888, 51.1465046], [71.4608917, 51.1462805], [71.4625134, 51.1462911], [71.4626103, 51.1463997], [71.461144, 51.1464032], [71.4608888, 51.1465046]]]}, "properties": {"id": "151f62a1-083e-3478-813e-491bbfb0fc62", "name": null, "class": "park", "district_id": "almaty"}}, {"type": "Feature", "geometry": {"type": "Polygon", "coordinates": [[[71.4965157, 51.1503699], [71.4961557, 51.1499904], [71.4977767, 51.1493852], [71.4981367, 51.1497647], [71.4965157, 51.1503699]]]}, "properties": {"id": "25ab8db2-7ace-313a-8307-0ccff8497446", "name": null, "class": "park", "district_id": "almaty"}}, {"type": "Feature", "geometry": {"type": "Polygon", "coordinates": [[[71.4546715, 51.1540497], [71.4555072, 51.1528892], [71.4556092, 51.1527475], [71.4564083, 51.1516378], [71.4564318, 51.1516293], [71.4565459, 51.151588], [71.45674, 51.1515688], [71.4569104, 51.1515983], [71.4576957, 51.1518131], [71.4579266, 51.1518452], [71.458074, 51.151831], [71.4582498, 51.1518617], [71.4661906, 51.1541876], [71.4654979, 51.1551797], [71.4648693, 51.154964], [71.463995, 51.155288], [71.4638725, 51.1554991], [71.464018, 51.1566961], [71.4637377, 51.1568675], [71.4635877, 51.1568836], [71.4610567, 51.1556637], [71.4602337, 51.155267], [71.4583805, 51.1543738], [71.4579359, 51.1544038], [71.457666, 51.1543837], [71.4574013, 51.1543639], [71.4572008, 51.1543], [71.4570016, 51.1542365], [71.4567268, 51.1540708], [71.4566494, 51.1540241], [71.456487, 51.1539292], [71.4551656, 51.1545512], [71.4550782, 51.1545262], [71.4548434, 51.1541265], [71.4546715, 51.1540497]]]}, "properties": {"id": "26079334-3a92-345e-b1ac-f549d6b4dcee", "name": "Отан қорғаушылар алаңы", "class": "park", "district_id": "almaty"}}, {"type": "Feature", "geometry": {"type": "Polygon", "coordinates": [[[71.4981328, 51.1420726], [71.4989752, 51.142305], [71.4985468, 51.1429018], [71.4986629, 51.1429383], [71.4980093, 51.1437949], [71.497058, 51.1435352], [71.4981328, 51.1420726]]]}, "properties": {"id": "26e4cad9-162a-3132-95ea-8ce33bba3e8b", "name": null, "class": "park", "district_id": "almaty"}}, {"type": "Feature", "geometry": {"type": "Polygon", "coordinates": [[[71.4605217, 51.1346717], [71.4604868, 51.1347331], [71.4604628, 51.1347478], [71.4599101, 51.135461], [71.4597452, 51.1354139], [71.4598592, 51.1352498], [71.4596714, 51.1352094], [71.4597653, 51.1350621], [71.4592946, 51.1349266], [71.459088, 51.1345395], [71.4586709, 51.1344722], [71.4584581, 51.1345047], [71.45844, 51.134488], [71.4586854, 51.1344488], [71.4587843, 51.1344326], [71.459886, 51.1342526], [71.4599986, 51.1342492], [71.4600697, 51.1342492], [71.4601368, 51.1342593], [71.4601906, 51.1342847], [71.4604627, 51.1345379], [71.4604962, 51.1345783], [71.460523, 51.1346279], [71.4605217, 51.1346717]]]}, "properties": {"id": "397b641e-0134-3e6a-8e84-bf4c5d8c7419", "name": "Парк отдыха Момышулы", "class": "park", "district_id": "almaty"}}, {"type": "Feature", "geometry": {"type": "Polygon", "coordinates": [[[71.4447352, 51.1383952], [71.4484117, 51.1325174], [71.4486661, 51.1323722], [71.4489612, 51.132077], [71.4492633, 51.1319603], [71.4496476, 51.1318997], [71.4511298, 51.1316994], [71.4516729, 51.13173], [71.4530389, 51.1322361], [71.4538793, 51.1328168], [71.4543026, 51.1331957], [71.454802, 51.1347767], [71.452791, 51.1373095], [71.4522032, 51.1380499], [71.4482356, 51.1388537], [71.4475453, 51.138506], [71.4470525, 51.1382228], [71.4464243, 51.1380629], [71.4455433, 51.1380962], [71.4450229, 51.1382646], [71.4447352, 51.1383952]]]}, "properties": {"id": "419580dc-eb21-3786-bbc9-3335b13f8d4d", "name": "Триатлон саябағы", "class": "park", "district_id": "almaty"}}, {"type": "Feature", "geometry": {"type": "MultiPolygon", "coordinates": [[[[71.4938638, 51.1514268], [71.492481, 51.1519734], [71.4923863, 51.1519516], [71.4916557, 51.1522202], [71.4912828, 51.1518303], [71.4909077, 51.1519716], [71.490847, 51.1519944], [71.4906768, 51.1518164], [71.4928061, 51.1510151], [71.4928898, 51.1511025], [71.4935207, 51.150896], [71.493975, 51.1513354], [71.4938638, 51.1514268]]], [[[71.4911504, 51.1520007], [71.4914315, 51.1522965], [71.487833, 51.1536404], [71.4873646, 51.1531265], [71.489562, 51.1522829], [71.4904622, 51.1519373], [71.490687, 51.1521739], [71.4910226, 51.1520484], [71.4911504, 51.1520007]]]]}, "properties": {"id": "475a9978-ad37-3cc9-bdaf-b4be69f62d19", "name": "аллея Кюйши", "class": "park", "district_id": "almaty"}}, {"type": "Feature", "geometry": {"type": "Polygon", "coordinates": [[[71.4448723, 51.1499438], [71.4448884, 51.1497957], [71.4450628, 51.1497856], [71.445685, 51.1494508], [71.4457467, 51.1494592], [71.4455268, 51.149646], [71.4455107, 51.1497284], [71.4451057, 51.1499287], [71.4448723, 51.1499438]]]}, "properties": {"id": "4c07a86e-d00f-3934-ac45-28f47e468c13", "name": null, "class": "park", "district_id": "almaty"}}, {"type": "Feature", "geometry": {"type": "Polygon", "coordinates": [[[71.4550484, 51.1502045], [71.4550152, 51.1502383], [71.4547653, 51.1501758], [71.4545352, 51.1505054], [71.4535794, 51.1502343], [71.4536838, 51.1500896], [71.4542815, 51.1502591], [71.4544538, 51.1500456], [71.4550484, 51.1502045]]]}, "properties": {"id": "625a9f75-9036-3609-879b-d6d86ba92988", "name": null, "class": "park", "district_id": "almaty"}}, {"type": "Feature", "geometry": {"type": "Polygon", "coordinates": [[[71.4448804, 51.150144], [71.444875, 51.1499774], [71.4450467, 51.1499673], [71.4450467, 51.1500515], [71.4448804, 51.150144]]]}, "properties": {"id": "729b9130-912e-3fd8-bac0-a5c036154aed", "name": null, "class": "park", "district_id": "almaty"}}, {"type": "Feature", "geometry": {"type": "Polygon", "coordinates": [[[71.4924902, 51.1443105], [71.4954244, 51.145128], [71.4953661, 51.145359], [71.4866258, 51.148169], [71.4844972, 51.1475596], [71.4868642, 51.1441583], [71.487684, 51.1429803], [71.4897447, 51.1435752], [71.4922146, 51.1442342], [71.4924902, 51.1443105]]]}, "properties": {"id": "77a594ad-e1b3-3e68-a2d6-766afc7538f2", "name": "Жерұйық саябағы", "class": "park", "district_id": "almaty"}}, {"type": "Feature", "geometry": {"type": "Polygon", "coordinates": [[[71.5585873, 51.1475478], [71.560041, 51.1470548], [71.5609959, 51.1476337], [71.5599605, 51.1484009], [71.5591398, 51.1480341], [71.5585873, 51.1475478]]]}, "properties": {"id": "7c36ef40-e410-3cb6-af57-c024a54058e9", "name": null, "class": "park", "district_id": "almaty"}}, {"type": "Feature", "geometry": {"type": "Polygon", "coordinates": [[[71.4992076, 51.1426239], [71.5002098, 51.1438267], [71.4991713, 51.1441229], [71.4983361, 51.1438495], [71.4992076, 51.1426239]]]}, "properties": {"id": "a187c9cc-507f-3459-9bd9-362052a2ddbc", "name": null, "class": "park", "district_id": "almaty"}}, {"type": "Feature", "geometry": {"type": "Polygon", "coordinates": [[[71.467676, 51.15872], [71.4683002, 51.158922], [71.4700429, 51.1595145], [71.470448, 51.1596897], [71.4707788, 51.1599471], [71.4707993, 51.1599873], [71.4700352, 51.1602478], [71.4698147, 51.1600323], [71.4680145, 51.1591783], [71.4674807, 51.1589241], [71.467676, 51.15872]]]}, "properties": {"id": "b2eb49a7-4727-32a3-83d7-b1abc4d28ffc", "name": "Парк Пушкинский", "class": "park", "district_id": "almaty"}}, {"type": "Feature", "geometry": {"type": "Polygon", "coordinates": [[[71.4459103, 51.1391762], [71.4452854, 51.1385619], [71.4452422, 51.1385409], [71.4450308, 51.1386237], [71.4447049, 51.1387473], [71.4446484, 51.1387398], [71.4445139, 51.1386807], [71.4445771, 51.1385773], [71.4447026, 51.1384492], [71.4450445, 51.1382882], [71.4452393, 51.1382052], [71.4453268, 51.1381728], [71.4454358, 51.1381405], [71.4455487, 51.1381163], [71.4457207, 51.1380887], [71.4459208, 51.1380793], [71.4459922, 51.1381133], [71.4461129, 51.1381815], [71.4461531, 51.1381393], [71.4462039, 51.1381162], [71.4462965, 51.1380898], [71.4465654, 51.138115], [71.4468022, 51.1381698], [71.4470827, 51.1382751], [71.4472774, 51.1383778], [71.4481915, 51.1388909], [71.4482356, 51.1388537], [71.448319, 51.1389136], [71.4512077, 51.1383364], [71.4518298, 51.1382101], [71.4523181, 51.1381109], [71.4534701, 51.1365618], [71.4536871, 51.1365211], [71.4537108, 51.1364775], [71.4536341, 51.1363589], [71.4539556, 51.1359583], [71.4547154, 51.1350118], [71.4548796, 51.1348072], [71.4547054, 51.1342058], [71.4546812, 51.1341221], [71.4545497, 51.1337636], [71.454649, 51.1337468], [71.4547992, 51.1340969], [71.4550552, 51.1340818], [71.4559659, 51.1340279], [71.4525549, 51.1387872], [71.4520266, 51.1386927], [71.4519713, 51.1385572], [71.4518673, 51.1383025], [71.4512445, 51.1384168], [71.4513552, 51.1386578], [71.447643, 51.1393243], [71.447466, 51.138917], [71.4462483, 51.1391492], [71.4459103, 51.1391762]]]}, "properties": {"id": "b80a3287-e315-390a-a157-88147c666407", "name": null, "class": "park", "district_id": "almaty"}}, {"type": "Feature", "geometry": {"type": "Polygon", "coordinates": [[[71.4655724, 51.1352142], [71.465676, 51.1350639], [71.4657572, 51.135086], [71.4656535, 51.1352363], [71.4655724, 51.1352142]]]}, "properties": {"id": "c1a47d8c-cc82-3a53-b3c9-85854136455f", "name": "Сад \"Чистый ручей\"", "class": "park", "district_id": "almaty"}}, {"type": "Feature", "geometry": {"type": "Polygon", "coordinates": [[[71.4419673, 51.1473393], [71.4416467, 51.1473164], [71.4419831, 51.1466313], [71.4420834, 51.1463756], [71.4423076, 51.1459161], [71.4425737, 51.1453401], [71.4427599, 51.1446744], [71.4429148, 51.1441204], [71.4430329, 51.1436631], [71.4433517, 51.1425374], [71.4433837, 51.1422928], [71.4432357, 51.1407406], [71.4433108, 51.1405906], [71.4438002, 51.1406491], [71.4437193, 51.1424972], [71.4430028, 51.1447721], [71.4419673, 51.1473393]]]}, "properties": {"id": "c722d05f-5ebb-330c-9f63-258fbea101fc", "name": null, "class": "park", "district_id": "almaty"}}, {"type": "Feature", "geometry": {"type": "Polygon", "coordinates": [[[71.4725769, 51.1571932], [71.4732742, 51.156347], [71.4733171, 51.1560862], [71.4733475, 51.1560952], [71.4750123, 51.1565875], [71.4749128, 51.1566881], [71.4747709, 51.1568315], [71.4745724, 51.156744], [71.4739716, 51.1567558], [71.4737087, 51.15685], [71.4735317, 51.1570182], [71.4736605, 51.1571578], [71.4738214, 51.1573311], [71.4734486, 51.1574337], [71.4725769, 51.1571932]]]}, "properties": {"id": "cc20bbf4-7571-3f78-915d-c0900b9a94bc", "name": null, "class": "park", "district_id": "almaty"}}, {"type": "Feature", "geometry": {"type": "Polygon", "coordinates": [[[71.4537674, 51.1312838], [71.4542757, 51.1310945], [71.4546758, 51.1309614], [71.4547798, 51.1309461], [71.4549267, 51.1309402], [71.4552531, 51.1309322], [71.4555656, 51.1309289], [71.45558, 51.130951], [71.4556021, 51.1310134], [71.4558361, 51.1309769], [71.455926, 51.1311985], [71.4559189, 51.1312295], [71.455886, 51.1312694], [71.4559463, 51.1313028], [71.4559725, 51.1313637], [71.45611, 51.1313446], [71.4562477, 51.1315749], [71.4572641, 51.1314687], [71.457378, 51.1313205], [71.4571653, 51.1307482], [71.457365, 51.130719], [71.4579852, 51.1306283], [71.4581975, 51.1305973], [71.4582509, 51.1307372], [71.458311, 51.1308943], [71.4583772, 51.1310676], [71.4586788, 51.1318567], [71.4592465, 51.133168], [71.4595589, 51.1332986], [71.460055, 51.1340751], [71.4599966, 51.1341174], [71.4599308, 51.1341651], [71.4586614, 51.1343733], [71.4581651, 51.1344493], [71.4580876, 51.1344436], [71.4570426, 51.1341627], [71.4560252, 51.1338918], [71.4557138, 51.1337852], [71.4556865, 51.1334917], [71.4554606, 51.1327402], [71.4551549, 51.1327641], [71.454848, 51.1323172], [71.4545484, 51.13234], [71.4541644, 51.1323957], [71.4540651, 51.1320326], [71.4539092, 51.131831], [71.4537674, 51.1312838]]]}, "properties": {"id": "cfa4c315-c12e-38b6-9339-eb11374aa13d", "name": "Бауыржан Момышұлы атындағы саябақ", "class": "park", "district_id": "almaty"}}, {"type": "Feature", "geometry": {"type": "Polygon", "coordinates": [[[71.4711124, 51.1551811], [71.4699456, 51.1548581], [71.4700583, 51.1547118], [71.471225, 51.1550407], [71.4711124, 51.1551811]]]}, "properties": {"id": "d2bef73c-7463-3af1-b8a9-255d49515851", "name": null, "class": "park", "district_id": "almaty"}}, {"type": "Feature", "geometry": {"type": "Polygon", "coordinates": [[[71.4620361, 51.1541629], [71.4619398, 51.1542881], [71.4610012, 51.1540137], [71.4606558, 51.154027], [71.4604208, 51.1539658], [71.4605708, 51.1537544], [71.4620361, 51.1541629]]]}, "properties": {"id": "df3dc26e-4b13-3a5d-8b16-f60146d64268", "name": null, "class": "dog_park", "district_id": "almaty"}}, {"type": "Feature", "geometry": {"type": "Polygon", "coordinates": [[[71.4943728, 51.1512451], [71.4942003, 51.1511884], [71.4938732, 51.1508379], [71.4958846, 51.1500708], [71.4960641, 51.1502597], [71.4963006, 51.1504772], [71.4961227, 51.1505922], [71.4943728, 51.1512451]]]}, "properties": {"id": "eb08200e-6b3b-3154-a124-1c5ecfc161e5", "name": null, "class": "park", "district_id": "almaty"}}, {"type": "Feature", "geometry": {"type": "Polygon", "coordinates": [[[71.485665, 51.1569496], [71.4850469, 51.1563354], [71.4854406, 51.1561626], [71.4860963, 51.1567852], [71.485665, 51.1569496]]]}, "properties": {"id": "ec3a10f8-6a38-3d58-be8b-bffd8f23a20b", "name": null, "class": "park", "district_id": "almaty"}}, {"type": "Feature", "geometry": {"type": "Polygon", "coordinates": [[[71.44493, 51.150181], [71.4450896, 51.1500649], [71.4469483, 51.1511199], [71.4469215, 51.1511585], [71.4474794, 51.151522], [71.4478335, 51.1516397], [71.4478898, 51.1516313], [71.4481956, 51.1515808], [71.4499283, 51.1521377], [71.4497432, 51.1523733], [71.4505264, 51.1526055], [71.4504996, 51.1526441], [71.4494189, 51.1523387], [71.4486932, 51.1521335], [71.4481701, 51.1519754], [71.447804, 51.1518156], [71.4474821, 51.1516263], [71.4471415, 51.1514193], [71.4464186, 51.1510105], [71.44493, 51.150181]]]}, "properties": {"id": "f000ac9d-bf18-332e-97bd-da2e0f6c850f", "name": null, "class": "park", "district_id": "almaty"}}, {"type": "Feature", "geometry": {"type": "Polygon", "coordinates": [[[71.4761847, 51.1569433], [71.4762006, 51.1568995], [71.4764867, 51.1568952], [71.4769063, 51.1567861], [71.4771165, 51.1567506], [71.4773186, 51.1567608], [71.4774121, 51.1567831], [71.4775248, 51.1568242], [71.4776299, 51.1569256], [71.4778528, 51.157212], [71.4778805, 51.1572476], [71.4778785, 51.1572695], [71.4778725, 51.1573363], [71.4776607, 51.1574299], [71.477602, 51.1574559], [71.4774558, 51.1575205], [71.4772343, 51.1576183], [71.4767365, 51.1578383], [71.4764888, 51.1580773], [71.476456, 51.1580896], [71.4756784, 51.1583804], [71.4755969, 51.1581529], [71.4756327, 51.1580172], [71.4756826, 51.1579983], [71.4762824, 51.1577712], [71.4762454, 51.1576515], [71.4763466, 51.157489], [71.4766176, 51.1570705], [71.4761847, 51.1569433]]]}, "properties": {"id": "f0b38f3a-a090-3957-b1d4-9844500539e7", "name": "Парк Афганской войне", "class": "park", "district_id": "almaty"}}, {"type": "Feature", "geometry": {"type": "Polygon", "coordinates": [[[71.4992802, 51.1406054], [71.4998322, 51.1412524], [71.5007037, 51.1409927], [71.5013718, 51.1418448], [71.5016187, 51.1419177], [71.5023667, 51.1428654], [71.5012193, 51.143239], [71.5013718, 51.1434486], [71.5003841, 51.1437857], [71.4993383, 51.1425373], [71.4994763, 51.1424827], [71.4992149, 51.1421911], [71.4990333, 51.1422457], [71.4982127, 51.1420179], [71.4992802, 51.1406054]]]}, "properties": {"id": "fdd71c6c-6a64-3181-a3f7-14db567cc499", "name": null, "class": "park", "district_id": "almaty"}}, {"type": "Feature", "geometry": {"type": "Polygon", "coordinates": [[[71.4372092, 51.1512999], [71.4368257, 51.1509634], [71.4372253, 51.1509651], [71.4372092, 51.1512999]]]}, "properties": {"id": "0391dc81-c147-372d-88da-50993924c89e", "name": null, "class": "village_green", "district_id": "baikonur"}}, {"type": "Feature", "geometry": {"type": "Polygon", "coordinates": [[[71.4451204, 51.1514513], [71.4449488, 51.1514934], [71.4449273, 51.1514757], [71.4448723, 51.1513832], [71.4448321, 51.1512679], [71.4448254, 51.1511283], [71.4451405, 51.1512763], [71.4451151, 51.1513201], [71.4451043, 51.1513958], [71.4451204, 51.1514513]]]}, "properties": {"id": "0d9b4527-c9ae-326c-a72f-addf57b0562c", "name": null, "class": "park", "district_id": "baikonur"}}, {"type": "Feature", "geometry": {"type": "Polygon", "coordinates": [[[71.4379737, 51.1523413], [71.4379737, 51.1522925], [71.438073, 51.152216], [71.43814, 51.1522151], [71.4381507, 51.1523371], [71.4379737, 51.1523413]]]}, "properties": {"id": "0f993533-b499-3b41-9772-3961be013733", "name": null, "class": "village_green", "district_id": "baikonur"}}, {"type": "Feature", "geometry": {"type": "Polygon", "coordinates": [[[71.4426729, 51.159195], [71.4425549, 51.1591437], [71.4424717, 51.1592303], [71.4424382, 51.1592168], [71.4425093, 51.1590713], [71.4426488, 51.1589628], [71.4427158, 51.158962], [71.4429666, 51.1587585], [71.4430551, 51.1586054], [71.4434883, 51.1583648], [71.4437981, 51.1582807], [71.4440382, 51.1584329], [71.4426729, 51.159195]]]}, "properties": {"id": "10f74793-d473-3878-b84f-bca666a792b2", "name": null, "class": "park", "district_id": "baikonur"}}, {"type": "Feature", "geometry": {"type": "Polygon", "coordinates": [[[71.4453283, 51.1513049], [71.4452103, 51.1512519], [71.4452693, 51.1512275], [71.445398, 51.1512183], [71.4454557, 51.1511998], [71.4455241, 51.1511468], [71.4455228, 51.1510929], [71.4455308, 51.1509676], [71.447639, 51.1521588], [71.4479126, 51.1522631], [71.4488299, 51.1525339], [71.4492014, 51.1526399], [71.4490686, 51.1528174], [71.4489694, 51.1527838], [71.4490606, 51.1526921], [71.4488621, 51.1526223], [71.4488098, 51.1526887], [71.4487186, 51.152661], [71.4487897, 51.152592], [71.4485992, 51.1525339], [71.4484517, 51.1527013], [71.4485644, 51.1527392], [71.448492, 51.1527989], [71.4482117, 51.1526626], [71.4480065, 51.1525651], [71.4478214, 51.1523926], [71.4477544, 51.1523531], [71.4476082, 51.152306], [71.4472689, 51.152126], [71.446829, 51.1519392], [71.4466587, 51.1518854], [71.4466546, 51.1518576], [71.4466184, 51.1518542], [71.4465567, 51.1518509], [71.4463314, 51.151755], [71.4457722, 51.1514892], [71.4457454, 51.1514336], [71.4456783, 51.1513445], [71.4456113, 51.1512982], [71.4455415, 51.1512772], [71.4454477, 51.1512738], [71.4453833, 51.1512814], [71.4453283, 51.1513049]]]}, "properties": {"id": "16ca7395-67f9-3259-93f2-cab96a2058f9", "name": null, "class": "park", "district_id": "baikonur"}}, {"type": "Feature", "geometry": {"type": "Polygon", "coordinates": [[[71.44609, 51.1519081], [71.4457454, 51.1517306], [71.4460525, 51.1516885], [71.44609, 51.1519081]]]}, "properties": {"id": "197a8e31-8136-352f-a0c3-cdc9c831ae70", "name": null, "class": "park", "district_id": "baikonur"}}, {"type": "Feature", "geometry": {"type": "Polygon", "coordinates": [[[71.4424288, 51.160904], [71.4425737, 51.1601403], [71.4426488, 51.1600596], [71.4427534, 51.1600327], [71.4429679, 51.1600529], [71.443094, 51.1600899], [71.4431477, 51.1601572], [71.4431342, 51.1602934], [71.4430726, 51.1604869], [71.4428177, 51.1604986], [71.4427587, 51.1608536], [71.4430377, 51.1608838], [71.442976, 51.1609629], [71.4424288, 51.160904]]]}, "properties": {"id": "1b052b9b-7015-380d-ab07-bf2f84e39de3", "name": null, "class": "park", "district_id": "baikonur"}}, {"type": "Feature", "geometry": {"type": "Polygon", "coordinates": [[[71.439435, 51.1558541], [71.4394441, 51.1554391], [71.4393069, 51.155438], [71.4393146, 51.1550875], [71.4385957, 51.1550813], [71.4385987, 51.1549429], [71.4396183, 51.1549518], [71.4396148, 51.1551139], [71.4400056, 51.1551172], [71.4399893, 51.1558589], [71.439435, 51.1558541]]]}, "properties": {"id": "27856932-e8e4-38ea-89b6-74d9622950d0", "name": null, "class": "park", "district_id": "baikonur"}}, {"type": "Feature", "geometry": {"type": "Polygon", "coordinates": [[[71.4690833, 51.1621471], [71.4685737, 51.1619276], [71.4686447, 51.1618611], [71.4691463, 51.1620882], [71.4690833, 51.1621471]]]}, "properties": {"id": "2b538ae1-8656-3753-9f52-85dc2b4062a4", "name": null, "class": "village_green", "district_id": "baikonur"}}, {"type": "Feature", "geometry": {"type": "Polygon", "coordinates": [[[71.431558, 51.1554147], [71.431566, 51.1553751], [71.4316478, 51.1553414], [71.4320106, 51.1553919], [71.43203, 51.155418], [71.4319026, 51.1554618], [71.431558, 51.1554147]]]}, "properties": {"id": "36d9ea15-78a5-3073-8e8d-97de07f3a46d", "name": null, "class": "village_green", "district_id": "baikonur"}}, {"type": "Feature", "geometry": {"type": "Polygon", "coordinates": [[[71.4371181, 51.1518955], [71.4370805, 51.1515253], [71.4371824, 51.1514614], [71.4373165, 51.1515186], [71.4377269, 51.1517104], [71.4377537, 51.1518786], [71.4371181, 51.1518955]]]}, "properties": {"id": "36e4f88f-6eb3-3510-956d-65665a36a53e", "name": null, "class": "village_green", "district_id": "baikonur"}}, {"type": "Feature", "geometry": {"type": "Polygon", "coordinates": [[[71.4448334, 51.151744], [71.4447074, 51.1517499], [71.4447127, 51.1516776], [71.4447074, 51.1514277], [71.4447744, 51.1515152], [71.4448602, 51.1516271], [71.4448334, 51.151744]]]}, "properties": {"id": "41e495c2-0472-3e63-965a-3f8341e34cc9", "name": null, "class": "village_green", "district_id": "baikonur"}}, {"type": "Feature", "geometry": {"type": "Polygon", "coordinates": [[[71.4309557, 51.1654328], [71.430979, 51.1653602], [71.4309878, 51.1653314], [71.4310599, 51.1650956], [71.4310552, 51.1650866], [71.4310439, 51.1650792], [71.4310276, 51.1650755], [71.431061, 51.1649672], [71.4310757, 51.1649677], [71.4310912, 51.1649657], [71.4311011, 51.164961], [71.4311676, 51.1647435], [71.4314758, 51.1647792], [71.4314584, 51.1648376], [71.431563, 51.1648496], [71.4314444, 51.1652233], [71.4313436, 51.1652111], [71.4313288, 51.1652549], [71.4314454, 51.1652693], [71.4314127, 51.1653775], [71.4312862, 51.1653612], [71.4312737, 51.1654024], [71.4310938, 51.1653797], [71.4309557, 51.1654328]]]}, "properties": {"id": "42e07c23-f7e3-3a1d-9168-91e4e6dc690e", "name": null, "class": "park", "district_id": "baikonur"}}, {"type": "Feature", "geometry": {"type": "Polygon", "coordinates": [[[71.4703117, 51.1630806], [71.4700314, 51.1628964], [71.4702018, 51.1627804], [71.4705209, 51.1629419], [71.4703117, 51.1630806]]]}, "properties": {"id": "453a19ca-1529-374a-a914-3f7cd577e39d", "name": null, "class": "village_green", "district_id": "baikonur"}}, {"type": "Feature", "geometry": {"type": "Polygon", "coordinates": [[[71.4468317, 51.1521016], [71.4466587, 51.1520376], [71.4466707, 51.1519165], [71.4469658, 51.1520242], [71.4468317, 51.1521016]]]}, "properties": {"id": "4da445f6-46b2-30c4-880f-88526473e162", "name": null, "class": "park", "district_id": "baikonur"}}, {"type": "Feature", "geometry": {"type": "Polygon", "coordinates": [[[71.4701655, 51.1627299], [71.4698584, 51.1625743], [71.4700019, 51.1624869], [71.4702795, 51.1626408], [71.4701655, 51.1627299]]]}, "properties": {"id": "51c3e72d-2c26-3cdb-a34d-299793bc29f6", "name": null, "class": "village_green", "district_id": "baikonur"}}, {"type": "Feature", "geometry": {"type": "Polygon", "coordinates": [[[71.4292913, 51.1524101], [71.4293775, 51.1523272], [71.429417, 51.1521587], [71.4293972, 51.1520365], [71.4292161, 51.1519153], [71.4297651, 51.1516108], [71.4297986, 51.151525], [71.4298652, 51.1514392], [71.4300067, 51.1513349], [71.4301327, 51.1512901], [71.4302274, 51.151264], [71.4305418, 51.1511975], [71.4308021, 51.1511427], [71.4308153, 51.1511233], [71.4308465, 51.1511045], [71.4308899, 51.1510974], [71.4309472, 51.1511103], [71.4310301, 51.1510919], [71.4321741, 51.150838], [71.4321853, 51.150819], [71.4322035, 51.1508044], [71.432231, 51.1507928], [71.4322613, 51.1507876], [71.4322873, 51.1507904], [71.43232, 51.1508021], [71.4328765, 51.1507269], [71.4329603, 51.1509265], [71.433192, 51.1510718], [71.4335198, 51.1513176], [71.4337417, 51.1515496], [71.4337786, 51.1517243], [71.4334163, 51.1519515], [71.4333621, 51.1522267], [71.4337984, 51.1523659], [71.4341484, 51.1522793], [71.4343283, 51.1522221], [71.4344072, 51.1523087], [71.4343603, 51.1523365], [71.4337441, 51.1526782], [71.4335026, 51.1527787], [71.4333399, 51.1528112], [71.4331846, 51.1528266], [71.4330706, 51.1528124], [71.4327219, 51.1527047], [71.432451, 51.1526694], [71.4321828, 51.1526727], [71.4318851, 51.1527619], [71.4314854, 51.1529991], [71.4312386, 51.1531371], [71.4310607, 51.1532511], [71.4309598, 51.1532908], [71.4308606, 51.1533082], [71.4307598, 51.1533112], [71.4306915, 51.1533041], [71.4305988, 51.1532898], [71.4304118, 51.1532062], [71.4292913, 51.1524101]]]}, "properties": {"id": "533e9739-3fee-3a1e-9773-d824422e4812", "name": "Ататүрік саябағы", "class": "park", "district_id": "baikonur"}}, {"type": "Feature", "geometry": {"type": "Polygon", "coordinates": [[[71.4379952, 51.1526012], [71.4379737, 51.1525962], [71.4379603, 51.1523716], [71.4381601, 51.1523674], [71.4381588, 51.1524927], [71.4379952, 51.1526012]]]}, "properties": {"id": "53e4583b-136a-3414-bb02-6923a14980b1", "name": null, "class": "village_green", "district_id": "baikonur"}}, {"type": "Feature", "geometry": {"type": "Polygon", "coordinates": [[[71.4302905, 51.165178], [71.4304012, 51.1652223], [71.4304096, 51.1652635], [71.4303171, 51.165563], [71.4302156, 51.1655513], [71.4301626, 51.1657221], [71.4301264, 51.165718], [71.4302905, 51.165178]]]}, "properties": {"id": "553f9632-6ffa-3f29-8cad-fd83d4a4ab60", "name": null, "class": "park", "district_id": "baikonur"}}, {"type": "Feature", "geometry": {"type": "Polygon", "coordinates": [[[71.4680184, 51.1618292], [71.4681351, 51.161825], [71.4682411, 51.1618494], [71.4685026, 51.1619503], [71.4684342, 51.1620092], [71.4680184, 51.1618292]]]}, "properties": {"id": "556def78-2359-30b0-9b09-1a2418a42362", "name": null, "class": "village_green", "district_id": "baikonur"}}, {"type": "Feature", "geometry": {"type": "Polygon", "coordinates": [[[71.4451794, 51.1512233], [71.4451808, 51.1511821], [71.4452183, 51.1511661], [71.4452264, 51.1511442], [71.4451942, 51.151119], [71.4452183, 51.150944], [71.4452532, 51.1509306], [71.4452639, 51.1509003], [71.4454745, 51.1510139], [71.445449, 51.1511922], [71.445386, 51.1511939], [71.445284, 51.1511972], [71.4451794, 51.1512233]]]}, "properties": {"id": "5d380f22-c85a-3e4d-b7c4-325577cc68a0", "name": null, "class": "park", "district_id": "baikonur"}}, {"type": "Feature", "geometry": {"type": "Polygon", "coordinates": [[[71.4454798, 51.15158], [71.4454905, 51.1514976], [71.4455522, 51.15149], [71.4456059, 51.1514614], [71.445693, 51.1514976], [71.4457051, 51.1515161], [71.4456448, 51.1515582], [71.4455603, 51.1515826], [71.4454798, 51.15158]]]}, "properties": {"id": "5f1916e2-2423-3a36-8090-3b93995bd6a4", "name": null, "class": "park", "district_id": "baikonur"}}, {"type": "Feature", "geometry": {"type": "Polygon", "coordinates": [[[71.4618509, 51.1581342], [71.4620487, 51.1578514], [71.4611071, 51.1574941], [71.4616175, 51.1569085], [71.4628202, 51.15737], [71.4629943, 51.1572881], [71.4651781, 51.1583848], [71.4644344, 51.1588712], [71.4618509, 51.1581342]]]}, "properties": {"id": "5f3fd36d-5348-377c-ace7-c486deadac8b", "name": null, "class": "park", "district_id": "baikonur"}}, {"type": "Feature", "geometry": {"type": "Polygon", "coordinates": [[[71.446896, 51.1521049], [71.4469899, 51.1520376], [71.4474486, 51.1522412], [71.4475424, 51.1522976], [71.4473788, 51.152258], [71.4470141, 51.1521596], [71.446896, 51.1521049]]]}, "properties": {"id": "617a72f3-4d62-3a9b-957b-4c452589a636", "name": null, "class": "park", "district_id": "baikonur"}}, {"type": "Feature", "geometry": {"type": "Polygon", "coordinates": [[[71.4452881, 51.1518803], [71.4448965, 51.1518551], [71.4448991, 51.1518265], [71.4452398, 51.1518559], [71.4452881, 51.1518803]]]}, "properties": {"id": "6473e660-2a35-3134-8d9b-f7dfe02026e6", "name": null, "class": "village_green", "district_id": "baikonur"}}, {"type": "Feature", "geometry": {"type": "Polygon", "coordinates": [[[71.430989, 51.1554847], [71.4309357, 51.155447], [71.4309639, 51.1553806], [71.4311583, 51.1552935], [71.4314988, 51.1553306], [71.4315262, 51.1553734], [71.4315181, 51.1554093], [71.4312158, 51.155379], [71.430989, 51.1554847]]]}, "properties": {"id": "70313e8b-e5dc-3124-a8db-e936d7d1053f", "name": null, "class": "village_green", "district_id": "baikonur"}}, {"type": "Feature", "geometry": {"type": "Polygon", "coordinates": [[[71.4482023, 51.1527434], [71.4480199, 51.1526626], [71.4480615, 51.1526223], [71.4482291, 51.1527072], [71.4482023, 51.1527434]]]}, "properties": {"id": "70494013-dfb9-337d-a809-679fce4741bb", "name": null, "class": "park", "district_id": "baikonur"}}, {"type": "Feature", "geometry": {"type": "Polygon", "coordinates": [[[71.4476565, 51.152507], [71.4466077, 51.1521285], [71.4465809, 51.1520931], [71.4465889, 51.1520519], [71.4466922, 51.1520873], [71.4469068, 51.1521613], [71.4474231, 51.1523001], [71.4477369, 51.1523682], [71.4476565, 51.152507]]]}, "properties": {"id": "73cfc976-9d9f-3024-b3ad-37694a1ff106", "name": null, "class": "park", "district_id": "baikonur"}}, {"type": "Feature", "geometry": {"type": "Polygon", "coordinates": [[[71.4269969, 51.1703603], [71.427892, 51.1704679], [71.4276727, 51.1711721], [71.4276403, 51.1712762], [71.427221, 51.1712332], [71.4271748, 51.1713996], [71.426741, 51.1713547], [71.4268454, 51.1709828], [71.4272354, 51.1710247], [71.4273865, 51.1705384], [71.4269601, 51.1704874], [71.4269969, 51.1703603]]]}, "properties": {"id": "7b841b24-2c33-315b-9c90-d08c0d46daa9", "name": null, "class": "park", "district_id": "baikonur"}}, {"type": "Feature", "geometry": {"type": "Polygon", "coordinates": [[[71.4308927, 51.1656309], [71.4309557, 51.1654328], [71.4310938, 51.1653797], [71.4312737, 51.1654024], [71.4312862, 51.1653612], [71.4314127, 51.1653775], [71.431397, 51.1654264], [71.4315437, 51.1654444], [71.4315599, 51.1654573], [71.4314659, 51.1657961], [71.4314333, 51.1658066], [71.4313803, 51.1658004], [71.4313253, 51.1657541], [71.4308952, 51.1657027], [71.4308772, 51.1656815], [71.4308927, 51.1656309]]]}, "properties": {"id": "7eb7cea8-54cd-3242-ae41-ceaebc41b246", "name": null, "class": "park", "district_id": "baikonur"}}, {"type": "Feature", "geometry": {"type": "Polygon", "coordinates": [[[71.4479998, 51.1677817], [71.4484397, 51.167637], [71.4485872, 51.1678355], [71.4479998, 51.1677817]]]}, "properties": {"id": "82c4a02a-b9fa-3db1-97da-515e7bcab968", "name": null, "class": "village_green", "district_id": "baikonur"}}, {"type": "Feature", "geometry": {"type": "Polygon", "coordinates": [[[71.4696345, 51.1625853], [71.4692576, 51.1624187], [71.4692818, 51.1623977], [71.4690766, 51.1623018], [71.4692429, 51.1621294], [71.4697927, 51.1624751], [71.4696345, 51.1625853]]]}, "properties": {"id": "8d44a81b-5c1b-3808-b0c4-1cf2e7f91c50", "name": null, "class": "village_green", "district_id": "baikonur"}}, {"type": "Feature", "geometry": {"type": "Polygon", "coordinates": [[[71.4678015, 51.1617042], [71.4674944, 51.1615142], [71.4675601, 51.1614898], [71.4677466, 51.1614486], [71.4678914, 51.1614301], [71.468047, 51.1614528], [71.4678015, 51.1617042]]]}, "properties": {"id": "8fe002ba-9a20-390c-8b80-d870934087b0", "name": null, "class": "village_green", "district_id": "baikonur"}}, {"type": "Feature", "geometry": {"type": "Polygon", "coordinates": [[[71.4451368, 51.151217], [71.445075, 51.1511897], [71.4451328, 51.1508517], [71.4448237, 51.1507748], [71.4448268, 51.1505941], [71.4448938, 51.1505958], [71.4452143, 51.1507784], [71.4451368, 51.151217]]]}, "properties": {"id": "92c6b8c8-bb29-3cf1-87dd-a2e190af135f", "name": null, "class": "park", "district_id": "baikonur"}}, {"type": "Feature", "geometry": {"type": "Polygon", "coordinates": [[[71.4457172, 51.1517188], [71.4455107, 51.151604], [71.4456193, 51.1515834], [71.4457346, 51.1515304], [71.4460297, 51.1516692], [71.4457172, 51.1517188]]]}, "properties": {"id": "999f1625-8745-3f5a-a68b-ed8300055b7a", "name": null, "class": "park", "district_id": "baikonur"}}, {"type": "Feature", "geometry": {"type": "Polygon", "coordinates": [[[71.4460632, 51.1519224], [71.445791, 51.1518921], [71.4456153, 51.1518727], [71.4454181, 51.1517979], [71.445445, 51.1516221], [71.4460632, 51.1519224]]]}, "properties": {"id": "9de97fbe-2b84-3966-8edb-012aa58da10c", "name": null, "class": "park", "district_id": "baikonur"}}, {"type": "Feature", "geometry": {"type": "Polygon", "coordinates": [[[71.4394411, 51.1676158], [71.4389065, 51.167111], [71.43895, 51.1669522], [71.4392601, 51.1669843], [71.4393609, 51.1670137], [71.4395503, 51.167097], [71.4396542, 51.1671956], [71.4396737, 51.1672894], [71.4396512, 51.167469], [71.4396565, 51.1675337], [71.4396285, 51.1676346], [71.4394411, 51.1676158]]]}, "properties": {"id": "a244595d-35b6-3111-bfa1-6258d02ce6c5", "name": null, "class": "park", "district_id": "baikonur"}}, {"type": "Feature", "geometry": {"type": "Polygon", "coordinates": [[[71.4368874, 51.1515674], [71.4369008, 51.1510795], [71.4371958, 51.1513571], [71.4368874, 51.1515674]]]}, "properties": {"id": "a64f92b6-6bc5-30cf-a7b9-f7ce238721a1", "name": null, "class": "village_green", "district_id": "baikonur"}}, {"type": "Feature", "geometry": {"type": "Polygon", "coordinates": [[[71.4262125, 51.1712219], [71.4262299, 51.1711546], [71.4261268, 51.1711438], [71.4260837, 51.1710763], [71.4260999, 51.1710277], [71.4266868, 51.1710916], [71.4266138, 51.1713562], [71.4264367, 51.1713392], [71.4262566, 51.1712523], [71.4262125, 51.1712219]]]}, "properties": {"id": "aa32b424-c8da-3d87-ba2f-ee161ce2a124", "name": null, "class": "park", "district_id": "baikonur"}}, {"type": "Feature", "geometry": {"type": "Polygon", "coordinates": [[[71.4312252, 51.1536668], [71.4311634, 51.1535841], [71.4311387, 51.1534807], [71.4311675, 51.1534057], [71.4312293, 51.1533437], [71.4322141, 51.152832], [71.432346, 51.1528139], [71.4324902, 51.1528294], [71.4326097, 51.1528526], [71.4327251, 51.1528966], [71.4327918, 51.1529616], [71.432818, 51.1530584], [71.4328035, 51.1531334], [71.4327685, 51.1532229], [71.4326811, 51.1532905], [71.4315593, 51.1538845], [71.4312252, 51.1536668]]]}, "properties": {"id": "aa3714c5-fbfb-3080-80a1-e025c00fd7fe", "name": null, "class": "park", "district_id": "baikonur"}}, {"type": "Feature", "geometry": {"type": "Polygon", "coordinates": [[[71.4322598, 51.1558614], [71.4322693, 51.1558002], [71.4323938, 51.1557499], [71.4324199, 51.155773], [71.4324166, 51.1558168], [71.4323985, 51.1558769], [71.4322598, 51.1558614]]]}, "properties": {"id": "aa3a08ca-b383-39a2-bddc-6fe0f87f4f2b", "name": null, "class": "village_green", "district_id": "baikonur"}}, {"type": "Feature", "geometry": {"type": "Polygon", "coordinates": [[[71.4315911, 51.1520401], [71.4316288, 51.1520459], [71.4316601, 51.1520602], [71.4316803, 51.1520809], [71.4316863, 51.1521049], [71.4316772, 51.1521286], [71.4316544, 51.1521482], [71.4316213, 51.1521609], [71.4315831, 51.1521646], [71.4315454, 51.1521589], [71.4315141, 51.1521446], [71.4314939, 51.1521239], [71.4314878, 51.1520999], [71.4314969, 51.1520762], [71.4315198, 51.1520566], [71.4315528, 51.1520439], [71.4315911, 51.1520401]]]}, "properties": {"id": "abc52d91-4bc2-3bbb-ac52-7fc1c33f7984", "name": "«Ататүрік» саябағы", "class": "park", "district_id": "baikonur"}}, {"type": "Feature", "geometry": {"type": "Polygon", "coordinates": [[[71.4685415, 51.1619099], [71.4680412, 51.1617316], [71.4681257, 51.1616467], [71.4686072, 51.1618418], [71.4685415, 51.1619099]]]}, "properties": {"id": "b388948a-add5-3174-9ca4-b72ddd0d393f", "name": null, "class": "village_green", "district_id": "baikonur"}}, {"type": "Feature", "geometry": {"type": "Polygon", "coordinates": [[[71.4542407, 51.1553753], [71.4541286, 51.1552972], [71.4539945, 51.1551626], [71.4539677, 51.1550634], [71.454083, 51.1549069], [71.4544018, 51.1554319], [71.4542407, 51.1553753]]]}, "properties": {"id": "b4488507-e949-31fc-9879-d35e855ce79b", "name": null, "class": "village_green", "district_id": "baikonur"}}, {"type": "Feature", "geometry": {"type": "Polygon", "coordinates": [[[71.4451741, 51.1518273], [71.4448938, 51.151808], [71.4449018, 51.1516633], [71.4451741, 51.1518273]]]}, "properties": {"id": "b597d9d4-a637-325f-a1a9-80f6ce041c97", "name": null, "class": "village_green", "district_id": "baikonur"}}, {"type": "Feature", "geometry": {"type": "Polygon", "coordinates": [[[71.444997, 51.1515623], [71.445166, 51.151506], [71.4452411, 51.1515531], [71.4453015, 51.1515775], [71.4453886, 51.151601], [71.4453752, 51.1517794], [71.4452626, 51.1517466], [71.4451566, 51.1516927], [71.4450319, 51.1515943], [71.444997, 51.1515623]]]}, "properties": {"id": "baa3cefd-a7ce-385f-ba4d-c54ef92f356a", "name": null, "class": "park", "district_id": "baikonur"}}, {"type": "Feature", "geometry": {"type": "Polygon", "coordinates": [[[71.4686421, 51.1618267], [71.4681499, 51.161624], [71.4682665, 51.1615129], [71.4687145, 51.1617552], [71.4686421, 51.1618267]]]}, "properties": {"id": "c069efba-1ca3-3b25-99b4-526f53731909", "name": null, "class": "village_green", "district_id": "baikonur"}}, {"type": "Feature", "geometry": {"type": "Polygon", "coordinates": [[[71.4691664, 51.162068], [71.4686769, 51.1618426], [71.4687493, 51.161777], [71.4691946, 51.1620336], [71.4691664, 51.162068]]]}, "properties": {"id": "c3dbef81-664e-3b0d-ba78-8a206e2a06a5", "name": null, "class": "village_green", "district_id": "baikonur"}}, {"type": "Feature", "geometry": {"type": "Polygon", "coordinates": [[[71.477072, 51.1648804], [71.4777651, 51.1655597], [71.4782386, 51.1654124], [71.4785478, 51.1655108], [71.4788196, 51.1659062], [71.4785757, 51.1663767], [71.4788824, 51.1667638], [71.4789433, 51.1673369], [71.4788524, 51.167401], [71.4775533, 51.1666125], [71.477042, 51.1667313], [71.4768223, 51.166717], [71.4760838, 51.1659879], [71.4759702, 51.1656222], [71.4761633, 51.1652612], [71.4763868, 51.1651377], [71.4767117, 51.165006], [71.477072, 51.1648804]]]}, "properties": {"id": "c3f674b4-c107-3a30-91ca-24f79547fb4e", "name": null, "class": "park", "district_id": "baikonur"}}, {"type": "Feature", "geometry": {"type": "Polygon", "coordinates": [[[71.4531094, 51.1682038], [71.4517093, 51.1664547], [71.4520097, 51.1663672], [71.4533883, 51.1680962], [71.4533079, 51.1682475], [71.4531094, 51.1682038]]]}, "properties": {"id": "c73c7b9d-bd47-30fe-adf8-514bc36617f9", "name": "Журналистер саябағы", "class": "park", "district_id": "baikonur"}}, {"type": "Feature", "geometry": {"type": "Polygon", "coordinates": [[[71.4461316, 51.1519266], [71.4460914, 51.1516902], [71.4463811, 51.1518004], [71.446593, 51.151887], [71.4466278, 51.1519081], [71.4466211, 51.1519493], [71.4465728, 51.1519611], [71.4465205, 51.1520048], [71.4463972, 51.1519459], [71.4463596, 51.1520015], [71.4461316, 51.1519266]]]}, "properties": {"id": "cd62640f-bdee-36d1-b3ee-de3a116c68d6", "name": null, "class": "park", "district_id": "baikonur"}}, {"type": "Feature", "geometry": {"type": "Polygon", "coordinates": [[[71.4316511, 51.1663043], [71.4316984, 51.1661251], [71.4340376, 51.1663943], [71.4339791, 51.1665783], [71.4316511, 51.1663043]]]}, "properties": {"id": "cdef6209-4eec-3ffb-9aff-6344a0f864d2", "name": null, "class": "park", "district_id": "baikonur"}}, {"type": "Feature", "geometry": {"type": "Polygon", "coordinates": [[[71.4705531, 51.1629208], [71.4702232, 51.1627568], [71.4703345, 51.1626769], [71.4706403, 51.162851], [71.4705531, 51.1629208]]]}, "properties": {"id": "d1fe4473-7d7c-3244-ad99-f90854adc4b4", "name": null, "class": "village_green", "district_id": "baikonur"}}, {"type": "Feature", "geometry": {"type": "Polygon", "coordinates": [[[71.4624032, 51.1596206], [71.4623228, 51.1594641], [71.4627063, 51.1589056], [71.4616388, 51.1586651], [71.4617193, 51.1584229], [71.461966, 51.1583505], [71.464144, 51.1590133], [71.4624032, 51.1596206]]]}, "properties": {"id": "d25954a6-7dfa-3545-8029-7d08aad7f2d7", "name": "Құтқарушылар саябағы", "class": "park", "district_id": "baikonur"}}, {"type": "Feature", "geometry": {"type": "Polygon", "coordinates": [[[71.4776381, 51.1643815], [71.4770399, 51.1645387], [71.4761102, 51.1647829], [71.4759829, 51.1648163], [71.4757168, 51.1648385], [71.4755574, 51.164835], [71.475491, 51.1648336], [71.4752726, 51.1648244], [71.4750575, 51.1647927], [71.4745314, 51.1646269], [71.4741569, 51.1644826], [71.4711796, 51.1628809], [71.4686762, 51.1615254], [71.4686144, 51.1613129], [71.4687472, 51.1611117], [71.4695693, 51.1607894], [71.4697564, 51.1608388], [71.4701859, 51.1611393], [71.4714103, 51.1616245], [71.4716339, 51.1616913], [71.4717652, 51.1617825], [71.4718717, 51.1619272], [71.471932, 51.1620874], [71.4719214, 51.1623167], [71.4719285, 51.1625637], [71.4719675, 51.1626617], [71.4720988, 51.1627841], [71.4722905, 51.162931], [71.4725673, 51.1630489], [71.4728761, 51.1631891], [71.4729613, 51.1632693], [71.4737137, 51.1637789], [71.4738699, 51.1638613], [71.4748459, 51.1640438], [71.4756693, 51.1640638], [71.4769185, 51.1641328], [71.4774828, 51.1642463], [71.4776381, 51.1643815]]]}, "properties": {"id": "d38cc68a-e569-33eb-b6cc-9916d2d60d66", "name": null, "class": "park", "district_id": "baikonur"}}, {"type": "Feature", "geometry": {"type": "Polygon", "coordinates": [[[71.4560759, 51.1566817], [71.4560813, 51.1563974], [71.4567894, 51.156638], [71.4567894, 51.1566868], [71.4560759, 51.1566817]]]}, "properties": {"id": "d6c47013-08e8-3eb3-a4a7-82d7201817a2", "name": null, "class": "park", "district_id": "baikonur"}}, {"type": "Feature", "geometry": {"type": "Polygon", "coordinates": [[[71.4699791, 51.1628679], [71.4698893, 51.1628342], [71.469841, 51.1627434], [71.4697404, 51.1626778], [71.4698289, 51.1625962], [71.4701307, 51.1627535], [71.4699791, 51.1628679]]]}, "properties": {"id": "d77a768a-fb76-3f51-b2c6-b5963204de87", "name": null, "class": "village_green", "district_id": "baikonur"}}, {"type": "Feature", "geometry": {"type": "Polygon", "coordinates": [[[71.4689948, 51.1622505], [71.4684677, 51.1620201], [71.4685281, 51.1619696], [71.4690632, 51.1621925], [71.4689948, 51.1622505]]]}, "properties": {"id": "db0dbb54-d992-3259-b85a-80d2c81dda25", "name": null, "class": "village_green", "district_id": "baikonur"}}, {"type": "Feature", "geometry": {"type": "Polygon", "coordinates": [[[71.4612633, 51.1585843], [71.460869, 51.1580814], [71.4609334, 51.1580359], [71.461384, 51.1581789], [71.4614376, 51.1582159], [71.4614018, 51.1582916], [71.4612633, 51.1585843]]]}, "properties": {"id": "dbe021ab-6011-3514-a59c-8705f58fcfdf", "name": null, "class": "village_green", "district_id": "baikonur"}}, {"type": "Feature", "geometry": {"type": "Polygon", "coordinates": [[[71.4283804, 51.1705238], [71.4281437, 51.1713678], [71.4277826, 51.1713284], [71.4279023, 51.1711978], [71.4279802, 51.1711152], [71.4281686, 51.1704989], [71.4283804, 51.1705238]]]}, "properties": {"id": "dd25c337-a731-3b4a-aeef-27837f5f8590", "name": null, "class": "park", "district_id": "baikonur"}}, {"type": "Feature", "geometry": {"type": "Polygon", "coordinates": [[[71.4382004, 51.1524826], [71.4382004, 51.1523707], [71.438419, 51.1523548], [71.4382004, 51.1524826]]]}, "properties": {"id": "dd85c394-330a-345e-ada7-00c28697a59a", "name": null, "class": "village_green", "district_id": "baikonur"}}, {"type": "Feature", "geometry": {"type": "Polygon", "coordinates": [[[71.4265517, 51.1695228], [71.4267984, 51.1686964], [71.4269992, 51.1686114], [71.4282518, 51.1687584], [71.4281952, 51.1689481], [71.4273982, 51.1688545], [71.4273596, 51.1689837], [71.4280636, 51.1690664], [71.4279952, 51.1692953], [71.4290149, 51.169415], [71.4289005, 51.1697984], [71.4265517, 51.1695228]]]}, "properties": {"id": "df114ae2-43a9-3e81-8508-e0cf68147ef2", "name": null, "class": "park", "district_id": "baikonur"}}, {"type": "Feature", "geometry": {"type": "Polygon", "coordinates": [[[71.4479931, 51.1526584], [71.447694, 51.1525238], [71.4477798, 51.1523951], [71.44793, 51.1525238], [71.4480333, 51.1526029], [71.4479931, 51.1526584]]]}, "properties": {"id": "e047d142-7680-3c26-939d-7fd2bcaaa8ef", "name": null, "class": "park", "district_id": "baikonur"}}, {"type": "Feature", "geometry": {"type": "Polygon", "coordinates": [[[71.4404675, 51.1630121], [71.4405121, 51.1628583], [71.4404203, 51.1628483], [71.4403867, 51.1628371], [71.4403671, 51.1628163], [71.4403684, 51.1627904], [71.4404512, 51.1624742], [71.4404184, 51.1624643], [71.4403929, 51.1624483], [71.4403817, 51.1624275], [71.4404266, 51.1622689], [71.4404899, 51.1622759], [71.4406688, 51.1629889], [71.4405703, 51.1630227], [71.4404675, 51.1630121]]]}, "properties": {"id": "e51047d8-6718-337b-8238-d255c6b4dedf", "name": null, "class": "park", "district_id": "baikonur"}}, {"type": "Feature", "geometry": {"type": "Polygon", "coordinates": [[[71.4381896, 51.1523363], [71.4381789, 51.1522185], [71.4387328, 51.1521932], [71.4387328, 51.152216], [71.4386121, 51.1522513], [71.4384766, 51.1523051], [71.4384471, 51.1523295], [71.4381896, 51.1523363]]]}, "properties": {"id": "e66080e4-95c8-3159-b6e0-9d053ab0c47a", "name": null, "class": "village_green", "district_id": "baikonur"}}, {"type": "Feature", "geometry": {"type": "Polygon", "coordinates": [[[71.4392638, 51.1639002], [71.4393666, 51.1635626], [71.4395247, 51.1635812], [71.4395716, 51.1634493], [71.4398059, 51.1634776], [71.4397513, 51.1636408], [71.439834, 51.1637136], [71.44068, 51.1638078], [71.4404658, 51.1640106], [71.4398911, 51.1639497], [71.4397165, 51.1639556], [71.4392638, 51.1639002]]]}, "properties": {"id": "e6c506cc-e66f-3fa9-85bb-8bcf5cb3d50e", "name": null, "class": "park", "district_id": "baikonur"}}, {"type": "Feature", "geometry": {"type": "Polygon", "coordinates": [[[71.4279281, 51.1703669], [71.4276403, 51.1712762], [71.427221, 51.1712332], [71.4271105, 51.1715113], [71.42596, 51.1714013], [71.426069, 51.1710055], [71.4266254, 51.1691404], [71.4278946, 51.1692878], [71.42777, 51.1697502], [71.427127, 51.1696768], [71.42692, 51.1702494], [71.4279281, 51.1703669]]]}, "properties": {"id": "e9be5236-f2d4-3549-b106-c759b4b4a789", "name": "Жастар сарайы алаңы", "class": "park", "district_id": "baikonur"}}, {"type": "Feature", "geometry": {"type": "Polygon", "coordinates": [[[71.440753, 51.1622747], [71.4404899, 51.1622759], [71.4405142, 51.1621973], [71.4411746, 51.1622709], [71.4409887, 51.1629279], [71.4409244, 51.162935], [71.440753, 51.1622747]]]}, "properties": {"id": "f311eb1f-d45d-398e-9ca3-38a5c216eee7", "name": null, "class": "park", "district_id": "baikonur"}}, {"type": "Feature", "geometry": {"type": "Polygon", "coordinates": [[[71.4378181, 51.1558557], [71.4378557, 51.1549288], [71.4385021, 51.1549389], [71.4384913, 51.1553023], [71.4382607, 51.1553056], [71.4382365, 51.1558625], [71.4378181, 51.1558557]]]}, "properties": {"id": "f5588066-87bb-3a46-9b8c-114239778b7f", "name": null, "class": "park", "district_id": "baikonur"}}, {"type": "Feature", "geometry": {"type": "Polygon", "coordinates": [[[71.4432429, 51.1608149], [71.4433354, 51.160523], [71.4436224, 51.1605558], [71.4435473, 51.1608191], [71.4434293, 51.1608115], [71.4434212, 51.1608376], [71.4432429, 51.1608149]]]}, "properties": {"id": "fe47073e-a0e1-3d03-a2d5-4e6895cf2919", "name": null, "class": "park", "district_id": "baikonur"}}, {"type": "Feature", "geometry": {"type": "Polygon", "coordinates": [[[71.4421622, 51.120747], [71.4413866, 51.1185502], [71.4408778, 51.1171092], [71.4408685, 51.1170827], [71.4408458, 51.1170185], [71.4406714, 51.1165245], [71.4406037, 51.1163327], [71.4404264, 51.1158306], [71.440281, 51.1154334], [71.440273, 51.1154114], [71.440252, 51.1153594], [71.4402108, 51.1152381], [71.4401259, 51.1150046], [71.4398966, 51.1143708], [71.4397752, 51.1140354], [71.4405468, 51.1139465], [71.4402919, 51.1131911], [71.4392514, 51.1129467], [71.4389852, 51.1124533], [71.4389641, 51.1124143], [71.4402334, 51.1122884], [71.4402282, 51.1123427], [71.44022, 51.1124282], [71.4408422, 51.1126016], [71.4411869, 51.1123671], [71.4413462, 51.1122641], [71.441824, 51.1120885], [71.4436606, 51.1107812], [71.4459755, 51.1091333], [71.447041, 51.1083913], [71.4487888, 51.1071157], [71.4505729, 51.106049], [71.4502969, 51.1063579], [71.4498863, 51.1068134], [71.4492371, 51.1077072], [71.448908, 51.1083307], [71.4486469, 51.1091003], [71.4484287, 51.1098254], [71.4483802, 51.1103352], [71.4483625, 51.1107282], [71.4481933, 51.1138352], [71.4479888, 51.1145228], [71.447799, 51.1149262], [71.4473901, 51.1153845], [71.4435203, 51.1196196], [71.4432106, 51.1202102], [71.4432428, 51.1205729], [71.4421622, 51.120747]]]}, "properties": {"id": "1c8d7da2-6d7e-3c0d-99b2-08d6d3380c91", "name": "Президент саябағы", "class": "park", "district_id": "esil"}}, {"type": "Feature", "geometry": {"type": "Polygon", "coordinates": [[[71.4429613, 51.1363178], [71.4427189, 51.1362633], [71.4422834, 51.1356064], [71.4420103, 51.1349056], [71.4417858, 51.1346069], [71.4416299, 51.1342389], [71.441479, 51.1339035], [71.4414688, 51.1335188], [71.4419753, 51.1329742], [71.4425159, 51.1324163], [71.4437098, 51.1320893], [71.4436664, 51.1319533], [71.4453351, 51.1316769], [71.4459974, 51.1315672], [71.4460354, 51.1315609], [71.4429613, 51.1363178]]]}, "properties": {"id": "206a5465-7666-3189-a824-835b51cc3e72", "name": "Арай саябағы", "class": "park", "district_id": "esil"}}, {"type": "Feature", "geometry": {"type": "Polygon", "coordinates": [[[71.4397788, 51.1403525], [71.4398995, 51.1394522], [71.4404708, 51.1396104], [71.4400282, 51.1403878], [71.4397788, 51.1403525]]]}, "properties": {"id": "300c47b4-a845-3a75-a299-30b38c057b2d", "name": null, "class": "park", "district_id": "esil"}}, {"type": "Feature", "geometry": {"type": "Polygon", "coordinates": [[[71.4427879, 51.1022326], [71.4428281, 51.1017062], [71.4429829, 51.101397], [71.4431872, 51.1011454], [71.4434652, 51.100803], [71.4442524, 51.1004143], [71.445048, 51.1002124], [71.4459023, 51.1001622], [71.4467437, 51.1002678], [71.4475016, 51.1005205], [71.4481125, 51.1008989], [71.448525, 51.1013714], [71.4487046, 51.1018983], [71.4486362, 51.1024353], [71.4483255, 51.1029376], [71.4477987, 51.1033629], [71.4474363, 51.1035489], [71.4470318, 51.1036967], [71.4465952, 51.1038027], [71.4461376, 51.1038642], [71.4456702, 51.1038797], [71.4450699, 51.1038541], [71.4447528, 51.1036914], [71.4443258, 51.1036519], [71.4439343, 51.1034909], [71.4437064, 51.103242], [71.4432957, 51.1030636], [71.4429733, 51.1026667], [71.4430013, 51.1024439], [71.4427879, 51.1022326]]]}, "properties": {"id": "339eb481-ff90-343e-8296-3ed9ad9d303b", "name": "Самал саябағы", "class": "park", "district_id": "esil"}}, {"type": "Feature", "geometry": {"type": "Polygon", "coordinates": [[[71.4234423, 51.1288554], [71.4227682, 51.1272588], [71.423819, 51.1270841], [71.4244931, 51.1286806], [71.4234423, 51.1288554]]]}, "properties": {"id": "6bb0c8de-0d2c-3924-9435-46c44faf4102", "name": null, "class": "park", "district_id": "esil"}}, {"type": "Feature", "geometry": {"type": "Polygon", "coordinates": [[[71.448485, 51.1104274], [71.4485261, 51.1099486], [71.4485649, 51.1097301], [71.4486236, 51.1094753], [71.4487944, 51.1089533], [71.4491516, 51.1081625], [71.4497815, 51.1072166], [71.4500503, 51.1068701], [71.4504646, 51.1064033], [71.4514066, 51.1056551], [71.4517147, 51.1054871], [71.4526269, 51.1049898], [71.4540513, 51.1041937], [71.4540997, 51.1041667], [71.4544101, 51.1039809], [71.454489, 51.1039558], [71.4545634, 51.1039652], [71.4567182, 51.105338], [71.454488, 51.1059473], [71.4539659, 51.1061504], [71.4514123, 51.107401], [71.450056, 51.1083559], [71.4494103, 51.109079], [71.4489161, 51.1097549], [71.4485814, 51.1102826], [71.448485, 51.1104274]]]}, "properties": {"id": "72679232-73a0-32ae-a9da-ab3f1131ab29", "name": null, "class": "park", "district_id": "esil"}}, {"type": "Feature", "geometry": {"type": "Polygon", "coordinates": [[[71.4083183, 51.1027855], [71.4186978, 51.1013224], [71.420598, 51.1011841], [71.4218372, 51.1010195], [71.4222151, 51.1020804], [71.4230311, 51.1043713], [71.4230585, 51.1044484], [71.4236236, 51.1060348], [71.4236553, 51.1061237], [71.424669, 51.1089694], [71.4248227, 51.1094008], [71.4247677, 51.1094086], [71.423212, 51.1096295], [71.4231083, 51.1096442], [71.4226413, 51.1097112], [71.4224528, 51.1097375], [71.4215918, 51.1098597], [71.4214648, 51.1098777], [71.4192298, 51.110195], [71.4151772, 51.1107703], [71.4138784, 51.1109546], [71.4114826, 51.1112947], [71.4113686, 51.1113109], [71.4083183, 51.1027855]]]}, "properties": {"id": "73e9253e-f2f8-3445-af62-0d24d23e27c5", "name": "Ботаникалық бақ", "class": "park", "district_id": "esil"}}, {"type": "Feature", "geometry": {"type": "Polygon", "coordinates": [[[71.4373344, 51.1079888], [71.4374143, 51.1081822], [71.4372495, 51.1083511], [71.4366799, 51.1086515], [71.4362726, 51.1082459], [71.4364933, 51.1080821], [71.4373344, 51.1079888]]]}, "properties": {"id": "845318ff-49d0-358e-ba0f-980ccfee8cb8", "name": null, "class": "park", "district_id": "esil"}}, {"type": "Feature", "geometry": {"type": "Polygon", "coordinates": [[[71.4138982, 51.1288057], [71.4140886, 51.1286291], [71.4162987, 51.1282781], [71.4165965, 51.1289733], [71.4165473, 51.12898], [71.4163238, 51.1290103], [71.4162473, 51.1290255], [71.4162617, 51.129083], [71.4161218, 51.1291053], [71.4161334, 51.129134], [71.4159921, 51.1291491], [71.4159158, 51.1291287], [71.4159044, 51.129096], [71.4159036, 51.1290274], [71.4157882, 51.1289891], [71.4157513, 51.1290305], [71.414895, 51.1288838], [71.4145992, 51.128887], [71.4141848, 51.1288915], [71.4141815, 51.1290898], [71.4139149, 51.1290112], [71.4138982, 51.1288057]]]}, "properties": {"id": "8d99105e-ee9f-3a2b-82f3-8c40e71ca288", "name": null, "class": "park", "district_id": "esil"}}, {"type": "Feature", "geometry": {"type": "Polygon", "coordinates": [[[71.4284631, 51.0982665], [71.4283214, 51.0978632], [71.4287456, 51.0978044], [71.4288873, 51.0982077], [71.4284631, 51.0982665]]]}, "properties": {"id": "94495895-3981-3638-8ff6-ac3c307ec5b0", "name": null, "class": "park", "district_id": "esil"}}, {"type": "Feature", "geometry": {"type": "Polygon", "coordinates": [[[71.4170535, 51.0965466], [71.4166128, 51.0953597], [71.4166496, 51.0953037], [71.4165633, 51.0950317], [71.4164967, 51.094997], [71.416232, 51.094275], [71.4165038, 51.094227], [71.416518, 51.0941684], [71.4161726, 51.0934606], [71.4158144, 51.0935229], [71.4155497, 51.0932286], [71.4152963, 51.0929609], [71.4150513, 51.092752], [71.414604, 51.0924257], [71.4137475, 51.0918957], [71.4142501, 51.0915711], [71.4144503, 51.0916229], [71.4149503, 51.0917415], [71.4154954, 51.0918122], [71.4158596, 51.0918354], [71.4166346, 51.0918093], [71.4172187, 51.0917388], [71.4174675, 51.0917113], [71.4178171, 51.0916336], [71.4184432, 51.0913854], [71.419027, 51.091078], [71.4196856, 51.0914804], [71.4195295, 51.0917511], [71.4194627, 51.0919193], [71.4193327, 51.0922465], [71.4192612, 51.0926254], [71.4192124, 51.0928715], [71.4192221, 51.0931422], [71.4191701, 51.0931749], [71.4192059, 51.0934506], [71.4192416, 51.093471], [71.4192693, 51.093611], [71.4195002, 51.0943208], [71.4192319, 51.0943627], [71.4192075, 51.0944372], [71.4192104, 51.0944451], [71.4194407, 51.095069], [71.4194839, 51.0951069], [71.4196495, 51.0950941], [71.4197743, 51.0950845], [71.420152, 51.0961073], [71.4180965, 51.0963929], [71.4175108, 51.0964812], [71.4170535, 51.0965466]]]}, "properties": {"id": "9cf59f27-3e47-3b51-9d40-8fd1369f95aa", "name": "Бейбітшілік пен Келісім аллеясы", "class": "park", "district_id": "esil"}}, {"type": "Feature", "geometry": {"type": "Polygon", "coordinates": [[[71.4145538, 51.1319977], [71.4144732, 51.131679], [71.4146624, 51.1316607], [71.4147476, 51.1319802], [71.4145538, 51.1319977]]]}, "properties": {"id": "a23133b7-f893-35ca-bbf3-eb708cc0862d", "name": null, "class": "park", "district_id": "esil"}}, {"type": "Feature", "geometry": {"type": "Polygon", "coordinates": [[[71.4390197, 51.1170441], [71.440277, 51.1168984], [71.4403327, 51.1169144], [71.4403515, 51.1169473], [71.4409951, 51.1187069], [71.4397064, 51.1188877], [71.4393899, 51.118029], [71.4390197, 51.1170441]]]}, "properties": {"id": "a3f49ec5-a127-3471-b9d5-13207632d745", "name": null, "class": "park", "district_id": "esil"}}, {"type": "Feature", "geometry": {"type": "Polygon", "coordinates": [[[71.438325, 51.1224106], [71.4383894, 51.1223256], [71.4384766, 51.1223012], [71.4386697, 51.12235], [71.4385168, 51.1226025], [71.4384431, 51.1225874], [71.4384189, 51.1225343], [71.4384605, 51.1224493], [71.438325, 51.1224106]]]}, "properties": {"id": "ca18aa93-80c2-3c8d-baf3-0b0a42e780da", "name": null, "class": "park", "district_id": "esil"}}, {"type": "Feature", "geometry": {"type": "Polygon", "coordinates": [[[71.4312472, 51.1494008], [71.4311931, 51.1493612], [71.4327169, 51.1486916], [71.4340099, 51.1480614], [71.4342803, 51.1482629], [71.4355087, 51.1477178], [71.4354957, 51.1477007], [71.4354314, 51.1476162], [71.4353934, 51.1475663], [71.4361095, 51.147249], [71.4362781, 51.1471743], [71.4369467, 51.1468669], [71.4372404, 51.1467085], [71.4373698, 51.1465662], [71.4378556, 51.1461617], [71.4388476, 51.1453761], [71.439303, 51.144866], [71.4395469, 51.1444783], [71.4397574, 51.1440327], [71.4402576, 51.1440341], [71.4401622, 51.1451724], [71.4401473, 51.1452263], [71.4398135, 51.1457269], [71.4398474, 51.1457486], [71.4398635, 51.1457732], [71.4398643, 51.1457938], [71.4398551, 51.1458169], [71.4398359, 51.1458402], [71.4398103, 51.1458551], [71.4397733, 51.1458665], [71.4397334, 51.1458697], [71.4393914, 51.1464122], [71.4380743, 51.146932], [71.4380709, 51.1469788], [71.4379536, 51.1470207], [71.4378846, 51.1470042], [71.4366768, 51.1474809], [71.4366568, 51.1475257], [71.4365716, 51.1475242], [71.4362609, 51.1479255], [71.435412, 51.1485996], [71.4343969, 51.1490456], [71.4343938, 51.1491066], [71.4343811, 51.1491566], [71.4343512, 51.1492161], [71.4343162, 51.1492732], [71.4342572, 51.1493406], [71.4341942, 51.1494074], [71.4341137, 51.1494588], [71.43403, 51.1494938], [71.4339549, 51.149518], [71.4338681, 51.1495362], [71.4337791, 51.1495435], [71.4330627, 51.149547], [71.4330461, 51.1495734], [71.4330052, 51.1496122], [71.432955, 51.149648], [71.4328984, 51.1496777], [71.4328389, 51.1497019], [71.4327633, 51.1497205], [71.4326911, 51.1497278], [71.4326061, 51.1497255], [71.4325269, 51.1497129], [71.4324529, 51.149691], [71.4323853, 51.149657], [71.4323326, 51.149617], [71.4322963, 51.1495745], [71.4316054, 51.1496038], [71.4314811, 51.1494622], [71.4313378, 51.1494202], [71.4312472, 51.1494008]]]}, "properties": {"id": "ccbf0621-48f2-3544-9459-b6ef0ef357d2", "name": null, "class": "park", "district_id": "esil"}}, {"type": "Feature", "geometry": {"type": "Polygon", "coordinates": [[[71.4150208, 51.1304624], [71.4151344, 51.1305554], [71.4152059, 51.1306636], [71.4152302, 51.1307798], [71.4152059, 51.1308959], [71.4151344, 51.1310042], [71.4150208, 51.1310971], [71.4148726, 51.1311685], [71.4147001, 51.1312133], [71.414515, 51.1312286], [71.4143299, 51.1312133], [71.4141574, 51.1311685], [71.4140093, 51.1310971], [71.4138957, 51.1310042], [71.4138242, 51.1308959], [71.4137998, 51.1307798], [71.4138242, 51.1306636], [71.4138957, 51.1305554], [71.4140093, 51.1304624], [71.4141574, 51.1303911], [71.4143299, 51.1303462], [71.414515, 51.1303309], [71.4147001, 51.1303462], [71.4148726, 51.1303911], [71.4150208, 51.1304624]], [[71.414864, 51.1307798], [71.4148469, 51.1307121], [71.4147974, 51.1306511], [71.4147202, 51.1306026], [71.4146229, 51.1305715], [71.414515, 51.1305608], [71.4144072, 51.1305715], [71.4143099, 51.1306026], [71.4142327, 51.1306511], [71.4141831, 51.1307121], [71.4141661, 51.1307798], [71.4141871, 51.1308547], [71.4142477, 51.1309205], [71.4143406, 51.1309694], [71.4144544, 51.1309954], [71.4145756, 51.1309954], [71.4146895, 51.1309694], [71.4147823, 51.1309205], [71.4148429, 51.1308547], [71.414864, 51.1307798]]]}, "properties": {"id": "d4cabda3-f492-3742-aee3-3d3ff2817865", "name": "Круглая площадь", "class": "park", "district_id": "esil"}}, {"type": "Feature", "geometry": {"type": "Polygon", "coordinates": [[[71.4273866, 51.1163899], [71.4289216, 51.120285], [71.4258994, 51.1207463], [71.4243726, 51.1168189], [71.4273866, 51.1163899]]]}, "properties": {"id": "d731134d-6650-3fb7-8449-53cef8ee3660", "name": "Сызықтық саябақ", "class": "park", "district_id": "esil"}}, {"type": "Feature", "geometry": {"type": "Polygon", "coordinates": [[[71.436113, 51.1355304], [71.4355697, 51.1353826], [71.4351354, 51.1343364], [71.4348485, 51.1336453], [71.4348965, 51.1336373], [71.4352975, 51.1335702], [71.4356569, 51.1335102], [71.4371871, 51.1332543], [71.437241, 51.1332453], [71.4374211, 51.1332152], [71.437687, 51.1331708], [71.4389717, 51.132956], [71.4397485, 51.1332291], [71.4402033, 51.1334152], [71.4405029, 51.1335594], [71.4407328, 51.1337474], [71.4408773, 51.1339663], [71.4409529, 51.1341308], [71.4411111, 51.1346646], [71.4410219, 51.1349285], [71.4411197, 51.1356324], [71.4411286, 51.1356619], [71.4412233, 51.1359752], [71.4412578, 51.1361828], [71.4416923, 51.1367583], [71.4420517, 51.1370781], [71.4418211, 51.1375224], [71.441349, 51.1383033], [71.4405929, 51.1382123], [71.4391937, 51.1380235], [71.4388317, 51.1390213], [71.436835, 51.1387052], [71.4369942, 51.1384301], [71.436415, 51.1383335], [71.4371219, 51.1369435], [71.4358023, 51.1364941], [71.4360497, 51.1360069], [71.4360826, 51.1358959], [71.4361021, 51.1356618], [71.436113, 51.1355304]]]}, "properties": {"id": "fddc9aae-9751-3c73-b4d7-5811380c1655", "name": "Жетісу саябағы", "class": "park", "district_id": "esil"}}, {"type": "Feature", "geometry": {"type": "Polygon", "coordinates": [[[71.3846393, 51.149238], [71.3844328, 51.1492195], [71.3844247, 51.1492447], [71.3841417, 51.1492136], [71.3840586, 51.1495417], [71.3837045, 51.1495821], [71.3836804, 51.1495299], [71.3837904, 51.1491244], [71.3839111, 51.1490588], [71.3842276, 51.149015], [71.3846326, 51.1490504], [71.3846447, 51.1491261], [71.384709, 51.1491311], [71.3846903, 51.1492111], [71.3846393, 51.149238]]]}, "properties": {"id": "0c3227a3-449d-316b-8508-4225f9c8013f", "name": null, "class": "park", "district_id": "nura"}}, {"type": "Feature", "geometry": {"type": "Polygon", "coordinates": [[[71.3790864, 51.1360674], [71.3795405, 51.1365279], [71.3746416, 51.1372857], [71.3744449, 51.1367849], [71.3790864, 51.1360674]]]}, "properties": {"id": "149c39b9-8e07-380c-9fa6-f2b018808553", "name": "Greenline", "class": "park", "district_id": "nura"}}, {"type": "Feature", "geometry": {"type": "Polygon", "coordinates": [[[71.3843168, 51.1356716], [71.380244, 51.1363342], [71.3800686, 51.1360277], [71.3841964, 51.1353737], [71.3843168, 51.1356716]]]}, "properties": {"id": "22b7e55b-3bf6-3659-b5a4-470612737323", "name": "Greenline", "class": "park", "district_id": "nura"}}, {"type": "Feature", "geometry": {"type": "Polygon", "coordinates": [[[71.3917645, 51.0849931], [71.3916716, 51.0850056], [71.3913625, 51.0840967], [71.3971122, 51.0832683], [71.3972094, 51.0835687], [71.3968666, 51.0839412], [71.392167, 51.0846074], [71.3917645, 51.0849931]]]}, "properties": {"id": "3c91b7b0-a8a7-3b98-8bcc-c0e0ad501f24", "name": null, "class": "park", "district_id": "nura"}}, {"type": "Feature", "geometry": {"type": "Polygon", "coordinates": [[[71.4094427, 51.1353745], [71.4094118, 51.135295], [71.4099945, 51.1352059], [71.4100254, 51.1352854], [71.4094427, 51.1353745]]]}, "properties": {"id": "5ab2bb6e-e6a4-384f-bde4-81ad1265b7d2", "name": null, "class": "village_green", "district_id": "nura"}}, {"type": "Feature", "geometry": {"type": "Polygon", "coordinates": [[[71.3626816, 51.1335302], [71.36249, 51.1330106], [71.3625684, 51.1328399], [71.3627425, 51.1326972], [71.3631476, 51.1326396], [71.3635571, 51.1325839], [71.3637696, 51.132555], [71.3638913, 51.1325384], [71.3639661, 51.1328469], [71.364099, 51.1333945], [71.3640294, 51.1334053], [71.363415, 51.1334999], [71.3633847, 51.1335005], [71.363331, 51.1335015], [71.3630397, 51.1334069], [71.3629829, 51.1334085], [71.3627795, 51.1334906], [71.3626816, 51.1335302]]]}, "properties": {"id": "600c0984-8ef5-3db0-b30a-8cd20297d4cd", "name": "Сквер Жагалау", "class": "park", "district_id": "nura"}}, {"type": "Feature", "geometry": {"type": "Polygon", "coordinates": [[[71.4248917, 51.1557048], [71.4247682, 51.1558387], [71.4246551, 51.1559461], [71.4246452, 51.155974], [71.424637, 51.1559972], [71.4244728, 51.1562635], [71.4245426, 51.1563708], [71.4244335, 51.1565696], [71.4243235, 51.156553], [71.4242737, 51.1566255], [71.4242333, 51.1567039], [71.4241241, 51.1568694], [71.424068, 51.1569446], [71.4239891, 51.1570556], [71.4239311, 51.1571379], [71.4238645, 51.157235], [71.4237941, 51.157337], [71.423817, 51.1573749], [71.4238292, 51.1574082], [71.4238302, 51.157442], [71.4238141, 51.1574998], [71.4237799, 51.1575425], [71.4237226, 51.1575826], [71.4236588, 51.1576095], [71.4236149, 51.1576151], [71.4235237, 51.1576941], [71.4234098, 51.1577885], [71.4233453, 51.1578414], [71.423114, 51.1580224], [71.4229868, 51.1581217], [71.4228766, 51.1582062], [71.4227255, 51.1583178], [71.4226561, 51.158377], [71.4225156, 51.1584976], [71.4224345, 51.1585715], [71.4222891, 51.1586969], [71.4221721, 51.1587946], [71.4221295, 51.1588321], [71.4220184, 51.1589289], [71.4218783, 51.1590482], [71.4216283, 51.1592545], [71.4213263, 51.1595145], [71.421229, 51.1595971], [71.4211342, 51.1596864], [71.4210522, 51.1597329], [71.4209123, 51.1597491], [71.4207064, 51.159815], [71.4205986, 51.1598359], [71.4199455, 51.1598333], [71.419533, 51.1598316], [71.4193516, 51.1596591], [71.4192775, 51.1595424], [71.4192362, 51.1594963], [71.4192477, 51.1594435], [71.4189469, 51.1593654], [71.4186928, 51.1592523], [71.4186419, 51.15904], [71.4184378, 51.1590359], [71.418044, 51.1587767], [71.4176384, 51.1587806], [71.4174586, 51.1585815], [71.417222, 51.1585624], [71.4171397, 51.1585081], [71.4169761, 51.1584796], [71.4169275, 51.1585374], [71.4168917, 51.1585248], [71.4167502, 51.158462], [71.4165627, 51.1583704], [71.4165428, 51.1583577], [71.4164094, 51.1582726], [71.4161782, 51.1582592], [71.4160306, 51.1582163], [71.4160819, 51.1584073], [71.4159719, 51.1583947], [71.4158571, 51.1583631], [71.4156766, 51.1583146], [71.4156447, 51.1583499], [71.4156023, 51.1584052], [71.4154222, 51.1583453], [71.4147661, 51.1581349], [71.4145267, 51.1580581], [71.4143264, 51.1579985], [71.4141647, 51.1579434], [71.4138863, 51.1578554], [71.4134594, 51.1577204], [71.4132116, 51.1576411], [71.4129377, 51.157549], [71.4125988, 51.1574464], [71.4122198, 51.1573086], [71.4120564, 51.1572578], [71.4122178, 51.1568919], [71.4122293, 51.1568278], [71.412379, 51.1563289], [71.4125343, 51.15578], [71.4126102, 51.155492], [71.4126988, 51.1552141], [71.4127905, 51.1549369], [71.4129268, 51.1543824], [71.4129553, 51.1543148], [71.4130394, 51.1543038], [71.4131745, 51.154286], [71.4132718, 51.1542024], [71.4133723, 51.154153], [71.4135391, 51.1538183], [71.4135616, 51.1537842], [71.4135654, 51.1537773], [71.4136927, 51.1535354], [71.41363, 51.153538], [71.4135296, 51.1534641], [71.4134857, 51.1534266], [71.4134405, 51.1533722], [71.4134221, 51.1532875], [71.4134781, 51.153188], [71.4135459, 51.1531265], [71.4136418, 51.153077], [71.4137242, 51.1530527], [71.4138961, 51.1530144], [71.4139758, 51.1530038], [71.414158, 51.1526537], [71.4141911, 51.152601], [71.414138, 51.1525905], [71.4133436, 51.1524486], [71.4131284, 51.1523007], [71.4130156, 51.1522834], [71.4130659, 51.151019], [71.4130981, 51.1497946], [71.4160198, 51.1502685], [71.4184405, 51.1506059], [71.4185612, 51.1503434], [71.4186443, 51.1503091], [71.4200254, 51.150552], [71.4214365, 51.1508067], [71.42167, 51.1508497], [71.4239006, 51.151261], [71.4239554, 51.1512711], [71.4256905, 51.1503886], [71.4259283, 51.1505135], [71.4261457, 51.1506704], [71.4267309, 51.1510938], [71.4270822, 51.1513727], [71.4270099, 51.1516164], [71.4268871, 51.1518238], [71.426861, 51.1518679], [71.4268234, 51.1519337], [71.4267819, 51.1520072], [71.426555, 51.1524032], [71.4261201, 51.153294], [71.4260185, 51.1534916], [71.4259135, 51.1536956], [71.4258705, 51.1537792], [71.4257714, 51.1539585], [71.4256785, 51.1541152], [71.425573, 51.1543489], [71.4256324, 51.154367], [71.4255551, 51.1544952], [71.425622, 51.1545121], [71.4254886, 51.1547241], [71.4253386, 51.154763], [71.4251762, 51.1549844], [71.4251347, 51.1550338], [71.4251782, 51.155064], [71.4251954, 51.1551138], [71.4251741, 51.1551502], [71.4251258, 51.1551804], [71.4250791, 51.1551908], [71.425073, 51.1552701], [71.4250516, 51.1553795], [71.4250097, 51.1555036], [71.4249619, 51.1556054], [71.4248917, 51.1557048]]]}, "properties": {"id": "6e4611ed-acd1-30a8-801b-6538dcd6a4fc", "name": "Астана саябағы", "class": "park", "district_id": "nura"}}, {"type": "Feature", "geometry": {"type": "Polygon", "coordinates": [[[71.3849866, 51.1493061], [71.3851516, 51.1493145], [71.3851556, 51.1492876], [71.3854453, 51.1493095], [71.3854828, 51.1491177], [71.3855848, 51.1491261], [71.3855419, 51.14936], [71.3849571, 51.1494323], [71.3849866, 51.1493061]]]}, "properties": {"id": "8ecbb4fd-3d00-309e-b314-eb299e57d1e7", "name": null, "class": "park", "district_id": "nura"}}, {"type": "Feature", "geometry": {"type": "Polygon", "coordinates": [[[71.3929018, 51.1302179], [71.392465, 51.1300321], [71.3932774, 51.1294883], [71.3932264, 51.1294278], [71.3928777, 51.1293335], [71.3927382, 51.1292359], [71.3926309, 51.1289565], [71.3954687, 51.1285693], [71.3957477, 51.1288891], [71.3957943, 51.1290294], [71.3958592, 51.1292249], [71.3955425, 51.1292699], [71.3955713, 51.1292063], [71.3949133, 51.1292901], [71.3945385, 51.1293378], [71.3945097, 51.1294083], [71.3942505, 51.1294426], [71.3939332, 51.1295381], [71.3936809, 51.1296774], [71.3936494, 51.129612], [71.3933272, 51.1298299], [71.3935077, 51.1300268], [71.3935589, 51.1301699], [71.3936211, 51.1302445], [71.3933692, 51.1304326], [71.3930803, 51.1303117], [71.3929018, 51.1302179]]]}, "properties": {"id": "97fe6151-b5bf-3737-8272-3b434e7891d2", "name": "Бухарест саябағы", "class": "park", "district_id": "nura"}}, {"type": "Feature", "geometry": {"type": "Polygon", "coordinates": [[[71.4097153, 51.1377078], [71.4094095, 51.1380528], [71.4094859, 51.1381033], [71.4094403, 51.1381664], [71.4093929, 51.1381834], [71.4093288, 51.1381524], [71.4093156, 51.138041], [71.4092821, 51.137956], [71.4092346, 51.1378719], [71.409238, 51.1377994], [71.4092714, 51.1377322], [71.4092915, 51.1376733], [71.4094377, 51.1376699], [71.4095262, 51.1376397], [71.4097153, 51.1377078]]]}, "properties": {"id": "9e8df5a1-60a0-3d32-8317-8324297b2070", "name": null, "class": "village_green", "district_id": "nura"}}, {"type": "Feature", "geometry": {"type": "Polygon", "coordinates": [[[71.4078335, 51.1336], [71.4064206, 51.1300467], [71.41061, 51.1293845], [71.4119988, 51.1329313], [71.4078335, 51.1336]]]}, "properties": {"id": "b0f1a5bb-3184-37d6-9096-a5a8c3943f64", "name": "Ғашықтар саябағы", "class": "park", "district_id": "nura"}}, {"type": "Feature", "geometry": {"type": "Polygon", "coordinates": [[[71.4094189, 51.1367494], [71.4094001, 51.1366997], [71.4095302, 51.136682], [71.4095503, 51.1367266], [71.4094189, 51.1367494]]]}, "properties": {"id": "c586aab2-ed32-3ee1-9461-2eee53f567c5", "name": null, "class": "village_green", "district_id": "nura"}}, {"type": "Feature", "geometry": {"type": "Polygon", "coordinates": [[[71.3985404, 51.0859237], [71.4000596, 51.0857161], [71.401141, 51.088773], [71.4008608, 51.0888237], [71.4007036, 51.0884149], [71.3992621, 51.0886106], [71.3992055, 51.0884711], [71.3993515, 51.0883848], [71.3991626, 51.0878672], [71.3983215, 51.0879966], [71.3982528, 51.0878241], [71.3979267, 51.0878888], [71.3977378, 51.0872257], [71.398064, 51.0871502], [71.3980039, 51.0867458], [71.3987764, 51.086638], [71.3985404, 51.0859237]]]}, "properties": {"id": "c87c589c-efac-3307-9198-e52905ec92e9", "name": "NU Park", "class": "park", "district_id": "nura"}}, {"type": "Feature", "geometry": {"type": "Polygon", "coordinates": [[[71.4112629, 51.1350954], [71.4112287, 51.1350218], [71.4118383, 51.1349103], [71.4118725, 51.1349838], [71.4112629, 51.1350954]]]}, "properties": {"id": "ce81bd72-d0f4-36de-8803-60f21b562d5a", "name": null, "class": "village_green", "district_id": "nura"}}, {"type": "Feature", "geometry": {"type": "Polygon", "coordinates": [[[71.4218992, 51.1501491], [71.4223981, 51.1491379], [71.4226073, 51.1491093], [71.4230391, 51.1490251], [71.4231652, 51.149015], [71.4231867, 51.1491042], [71.422559, 51.1495467], [71.4226529, 51.1496157], [71.4221191, 51.1499935], [71.4218992, 51.1501491]]]}, "properties": {"id": "dc8b97f6-b511-3217-b252-676679595a63", "name": null, "class": "park", "district_id": "nura"}}, {"type": "Feature", "geometry": {"type": "Polygon", "coordinates": [[[71.4806722, 51.1078886], [71.4788024, 51.1032047], [71.4785314, 51.1025132], [71.4785511, 51.1024583], [71.4795235, 51.1020755], [71.4798382, 51.1019478], [71.4807319, 51.1017201], [71.4812761, 51.101635], [71.48255, 51.1014813], [71.4859153, 51.1010518], [71.4859677, 51.10106], [71.4860049, 51.1010765], [71.4860114, 51.1031471], [71.486101, 51.1036932], [71.4863327, 51.1040774], [71.4854673, 51.1045288], [71.4847331, 51.1049514], [71.4839202, 51.1054756], [71.4829587, 51.1061973], [71.482113, 51.1069601], [71.4819688, 51.1070685], [71.4816497, 51.1073004], [71.4812171, 51.1075803], [71.4806722, 51.1078886]]]}, "properties": {"id": "1018a05e-8704-3b67-8f5d-f39fda8aa9e9", "name": null, "class": "park", "district_id": "saraishyk"}}, {"type": "Feature", "geometry": {"type": "Polygon", "coordinates": [[[71.4545926, 51.117699], [71.45459, 51.1171687], [71.4550513, 51.1171788], [71.4550653, 51.1176337], [71.4550674, 51.1177024], [71.4545926, 51.117699]]]}, "properties": {"id": "1a90c640-1958-3773-88b6-51da8bc07890", "name": null, "class": "park", "district_id": "saraishyk"}}, {"type": "Feature", "geometry": {"type": "Polygon", "coordinates": [[[71.4526695, 51.108885], [71.4532743, 51.1102456], [71.4532515, 51.1102524], [71.4528398, 51.1103947], [71.4522886, 51.1107407], [71.4521505, 51.1108493], [71.4520633, 51.1109579], [71.4520285, 51.1110969], [71.4519131, 51.1121897], [71.4518179, 51.1135418], [71.4517066, 51.1135132], [71.4518689, 51.1114463], [71.4519051, 51.1109739], [71.4518528, 51.110052], [71.4518984, 51.1098642], [71.4520003, 51.1096807], [71.4522162, 51.1093935], [71.4524013, 51.1091595], [71.4526695, 51.108885]]]}, "properties": {"id": "1e4a23f4-0ef4-3fc0-8184-ec61ccc075d2", "name": null, "class": "village_green", "district_id": "saraishyk"}}, {"type": "Feature", "geometry": {"type": "Polygon", "coordinates": [[[71.4560927, 51.1121994], [71.4560692, 51.1120285], [71.4561262, 51.111986], [71.4561906, 51.1119918], [71.4562536, 51.1119876], [71.4562824, 51.1119826], [71.4563448, 51.1120091], [71.4560927, 51.1121994]]]}, "properties": {"id": "25c1f3cc-f406-371d-9f8a-4adf9c40d4ed", "name": null, "class": "village_green", "district_id": "saraishyk"}}, {"type": "Feature", "geometry": {"type": "Polygon", "coordinates": [[[71.4561007, 51.1119287], [71.4560853, 51.1119085], [71.456084, 51.1118845], [71.4560907, 51.1118618], [71.4561363, 51.1118752], [71.4561302, 51.1118942], [71.4561403, 51.1119119], [71.4561007, 51.1119287]]]}, "properties": {"id": "2c2b339c-2d40-35b5-90cc-f4a81e54311d", "name": null, "class": "village_green", "district_id": "saraishyk"}}, {"type": "Feature", "geometry": {"type": "Polygon", "coordinates": [[[71.4545511, 51.1130283], [71.4545672, 51.1130303], [71.4545809, 51.113036], [71.4545901, 51.1130446], [71.4545933, 51.1130548], [71.4545901, 51.1130649], [71.4545809, 51.1130735], [71.4545672, 51.1130793], [71.4545511, 51.1130813], [71.4545349, 51.1130793], [71.4545212, 51.1130735], [71.454512, 51.1130649], [71.4545088, 51.1130548], [71.454512, 51.1130446], [71.4545212, 51.113036], [71.4545349, 51.1130303], [71.4545511, 51.1130283]]]}, "properties": {"id": "2c5fe688-61cc-354e-971d-08473b1804e3", "name": null, "class": "village_green", "district_id": "saraishyk"}}, {"type": "Feature", "geometry": {"type": "Polygon", "coordinates": [[[71.4512278, 51.1137978], [71.4512841, 51.1131739], [71.4513284, 51.1131731], [71.4513271, 51.1131007], [71.4512882, 51.1130998], [71.4513472, 51.1125391], [71.4514196, 51.1125425], [71.4514303, 51.1124052], [71.4513499, 51.1124027], [71.4513995, 51.1118378], [71.4514585, 51.1118411], [71.4514679, 51.1117494], [71.4514196, 51.1117485], [71.4514759, 51.1111255], [71.4518622, 51.1111263], [71.4517482, 51.1123539], [71.4517079, 51.1128616], [71.4516436, 51.1138138], [71.4512278, 51.1137978]]]}, "properties": {"id": "2d78c5a3-8631-3ed8-ad5e-41c9d154c668", "name": null, "class": "village_green", "district_id": "saraishyk"}}, {"type": "Feature", "geometry": {"type": "Polygon", "coordinates": [[[71.6568446, 51.1185628], [71.6541383, 51.1146447], [71.6552675, 51.1145067], [71.6549268, 51.1141901], [71.6548786, 51.1140302], [71.6549402, 51.1138584], [71.6547686, 51.1134913], [71.6546345, 51.1132152], [71.6544145, 51.1129895], [71.6541517, 51.1122082], [71.6553748, 51.1120937], [71.6561204, 51.1120129], [71.6568875, 51.1116189], [71.6575527, 51.1115549], [71.6576733, 51.1110974], [71.6573113, 51.1110228], [71.6569036, 51.1109083], [71.6567212, 51.1106961], [71.6576782, 51.1100279], [71.6589151, 51.1098948], [71.6602975, 51.10966], [71.6603534, 51.1090034], [71.6613291, 51.1091663], [71.6632161, 51.1096598], [71.6641937, 51.1113049], [71.6648698, 51.1121105], [71.6664362, 51.1137203], [71.6700196, 51.1139763], [71.6700947, 51.1145825], [71.6568446, 51.1185628]]]}, "properties": {"id": "2f53e699-d9b2-3ad6-b6b7-2d700e7a3b47", "name": "Ұлттық ғылым академиясының резиденциясы", "class": "park", "district_id": "saraishyk"}}, {"type": "Feature", "geometry": {"type": "Polygon", "coordinates": [[[71.4556917, 51.1122091], [71.4556575, 51.112092], [71.4557058, 51.1120588], [71.4559022, 51.1120457], [71.4558151, 51.1121152], [71.455752, 51.112116], [71.4557567, 51.1121607], [71.4556917, 51.1122091]]]}, "properties": {"id": "3042a908-6e65-3ded-ae71-8978bb55cb17", "name": null, "class": "village_green", "district_id": "saraishyk"}}, {"type": "Feature", "geometry": {"type": "Polygon", "coordinates": [[[71.4561597, 51.111962], [71.4561792, 51.1119375], [71.4562127, 51.1119388], [71.4562449, 51.1119304], [71.4562831, 51.1119447], [71.4562422, 51.1119636], [71.4561946, 51.1119691], [71.4561597, 51.111962]]]}, "properties": {"id": "31575c5b-7b6f-398f-9a14-87168dc2fffe", "name": null, "class": "village_green", "district_id": "saraishyk"}}, {"type": "Feature", "geometry": {"type": "Polygon", "coordinates": [[[71.4469974, 51.1207224], [71.4471576, 51.1206], [71.4481604, 51.1204375], [71.450613, 51.1200399], [71.4521933, 51.119825], [71.4536798, 51.1196229], [71.4539353, 51.1195881], [71.4539777, 51.1195459], [71.454075, 51.1195465], [71.4542403, 51.1198133], [71.4544699, 51.1200587], [71.4547164, 51.120241], [71.4550054, 51.1203971], [71.4551741, 51.1204901], [71.4555054, 51.1207287], [71.4560134, 51.1208337], [71.4562878, 51.1208708], [71.4565517, 51.1208863], [71.4568167, 51.1208805], [71.4569724, 51.1208784], [71.4581128, 51.1207884], [71.4591954, 51.120727], [71.4598495, 51.1206899], [71.4600821, 51.1206791], [71.4601345, 51.1206767], [71.4613181, 51.1206163], [71.4613549, 51.1208114], [71.4618255, 51.1207832], [71.4618076, 51.120591], [71.4622542, 51.1205622], [71.4622764, 51.1205607], [71.4629346, 51.1205182], [71.4633007, 51.1205022], [71.4636787, 51.1204812], [71.4639628, 51.1204654], [71.4662997, 51.1203217], [71.4669315, 51.1202818], [71.4670963, 51.12068], [71.4671611, 51.1207521], [71.4675216, 51.121671], [71.4676037, 51.1218843], [71.4680098, 51.1228981], [71.4680812, 51.123093], [71.4685108, 51.1241726], [71.4685595, 51.124181], [71.4687327, 51.1242828], [71.4688497, 51.1245787], [71.4684226, 51.1246812], [71.4679874, 51.1248019], [71.4678545, 51.1246241], [71.4664733, 51.1249889], [71.4666063, 51.1251562], [71.4664415, 51.125205], [71.4662557, 51.125253], [71.4660907, 51.1252936], [71.4659747, 51.1251155], [71.4650661, 51.1253647], [71.4651786, 51.1255348], [71.4647791, 51.1256397], [71.4646912, 51.1256621], [71.4645961, 51.1256865], [71.4645082, 51.1257087], [71.4643966, 51.1257371], [71.464265, 51.1257707], [71.4639925, 51.1258401], [71.4639019, 51.1256631], [71.4633482, 51.1257916], [71.4634623, 51.1259833], [71.4632872, 51.1260295], [71.4630917, 51.126081], [71.4623047, 51.1262886], [71.4621772, 51.1260928], [71.4615444, 51.1262598], [71.4605724, 51.1265112], [71.4605838, 51.1265286], [71.4606972, 51.1267008], [71.4601792, 51.1268436], [71.4600838, 51.1268699], [71.4600441, 51.1268809], [71.4595084, 51.1270286], [71.4593787, 51.1268583], [71.4593471, 51.1268675], [71.4589355, 51.1269868], [71.4582309, 51.1272903], [71.4580482, 51.1274666], [71.4582533, 51.1275773], [71.4583002, 51.1276026], [71.4579058, 51.1280529], [71.4575839, 51.1279931], [71.4575535, 51.1280119], [71.4575248, 51.1280297], [71.4574508, 51.128203], [71.4574419, 51.1282239], [71.4573886, 51.1284135], [71.4573573, 51.1285946], [71.457354, 51.1287938], [71.4573844, 51.1290288], [71.4576314, 51.1290104], [71.4577933, 51.1290009], [71.4578729, 51.1292317], [71.4578499, 51.1293554], [71.457642, 51.129407], [71.4539136, 51.1300168], [71.4538289, 51.1300307], [71.4535595, 51.1300747], [71.4532908, 51.1301187], [71.4532741, 51.1300698], [71.4530902, 51.1295316], [71.4530746, 51.1294859], [71.4527923, 51.1286595], [71.4527418, 51.1285117], [71.4526773, 51.128307], [71.4527232, 51.1282955], [71.4524277, 51.128341], [71.4524485, 51.1282421], [71.4528008, 51.1277878], [71.452973, 51.1275863], [71.4533209, 51.127179], [71.4532929, 51.127127], [71.4533589, 51.1270637], [71.4534334, 51.1270551], [71.454216, 51.1262014], [71.4541907, 51.1261453], [71.4542348, 51.126089], [71.4537261, 51.1247706], [71.4536052, 51.1247114], [71.4535662, 51.1246856], [71.4535371, 51.1246599], [71.4535756, 51.1245917], [71.4536202, 51.1245388], [71.4531357, 51.1232599], [71.4530732, 51.123235], [71.453054, 51.1231829], [71.4513081, 51.1224909], [71.4512245, 51.1225019], [71.4511311, 51.1224643], [71.4511199, 51.1224184], [71.4494302, 51.1217484], [71.44936, 51.1217568], [71.449258, 51.1217165], [71.449226, 51.1216695], [71.4477691, 51.1211115], [71.4474599, 51.1209998], [71.447189, 51.1208753], [71.4469974, 51.1207224]]]}, "properties": {"id": "3d5946b4-87ac-30ce-9ede-1e45775f1459", "name": "Президент саябағы", "class": "park", "district_id": "saraishyk"}}, {"type": "Feature", "geometry": {"type": "Polygon", "coordinates": [[[71.4557225, 51.1124903], [71.4555898, 51.1124436], [71.4557735, 51.1122954], [71.455972, 51.1122975], [71.4557225, 51.1124903]]]}, "properties": {"id": "3f11d8db-c1aa-3274-897b-10eb34568701", "name": null, "class": "village_green", "district_id": "saraishyk"}}, {"type": "Feature", "geometry": {"type": "Polygon", "coordinates": [[[71.4563743, 51.1119843], [71.4563414, 51.1119691], [71.4563703, 51.111946], [71.4564058, 51.1119624], [71.4563743, 51.1119843]]]}, "properties": {"id": "435c369b-a7fb-35ba-99ea-81cb32ec9cc7", "name": null, "class": "village_green", "district_id": "saraishyk"}}, {"type": "Feature", "geometry": {"type": "Polygon", "coordinates": [[[71.4560866, 51.1118129], [71.4560457, 51.1117932], [71.456098, 51.1117578], [71.4561564, 51.1117464], [71.4561953, 51.1117431], [71.4562368, 51.1117464], [71.4562764, 51.1117511], [71.456324, 51.1117637], [71.4562945, 51.1117936], [71.4562409, 51.1117843], [71.4561852, 51.1117835], [71.456145, 51.1117898], [71.4561061, 51.1118045], [71.4560866, 51.1118129]]]}, "properties": {"id": "43da5532-40e2-30b9-b16c-3278753ccc8a", "name": null, "class": "village_green", "district_id": "saraishyk"}}, {"type": "Feature", "geometry": {"type": "Polygon", "coordinates": [[[71.4544981, 51.1129761], [71.4542757, 51.1128917], [71.4542822, 51.1128771], [71.4543255, 51.1128505], [71.4543663, 51.1128255], [71.4544324, 51.1128148], [71.4544981, 51.1129761]]]}, "properties": {"id": "46e05015-e7dd-331c-bacd-98e2a6f6ab42", "name": null, "class": "village_green", "district_id": "saraishyk"}}, {"type": "Feature", "geometry": {"type": "Polygon", "coordinates": [[[71.4558191, 51.1122663], [71.4558821, 51.1122166], [71.4559478, 51.112215], [71.4559451, 51.1121661], [71.4560384, 51.1120937], [71.4560558, 51.1122356], [71.4560176, 51.1122676], [71.4558191, 51.1122663]]]}, "properties": {"id": "51ba78dd-8947-3cbf-92a5-c6f336d77e65", "name": null, "class": "village_green", "district_id": "saraishyk"}}, {"type": "Feature", "geometry": {"type": "Polygon", "coordinates": [[[71.4637931, 51.1095335], [71.4637538, 51.1095148], [71.4637055, 51.1093736], [71.4634759, 51.1089346], [71.4634037, 51.1087966], [71.4631033, 51.1084126], [71.4626741, 51.1079849], [71.4622933, 51.1076986], [71.4617167, 51.1073644], [71.4613867, 51.1071731], [71.4601419, 51.1064229], [71.4599426, 51.1063247], [71.4599612, 51.1062749], [71.4601446, 51.1062416], [71.4605884, 51.1062082], [71.4616598, 51.1061498], [71.4627873, 51.1061299], [71.4650747, 51.10613], [71.4670605, 51.1061364], [71.46763, 51.1061365], [71.4694152, 51.1061378], [71.4710729, 51.1061422], [71.4717651, 51.1060591], [71.4723502, 51.1059632], [71.4730551, 51.1057947], [71.4737599, 51.1055621], [71.4751601, 51.1047823], [71.4753358, 51.1046381], [71.4757515, 51.1042264], [71.4761287, 51.1037511], [71.4764817, 51.1032983], [71.4769757, 51.1028617], [71.4778939, 51.1024915], [71.478014, 51.102736], [71.4798226, 51.1073314], [71.4802024, 51.1081389], [71.4797571, 51.1083436], [71.4784455, 51.108869], [71.4775094, 51.1091451], [71.4764151, 51.1094045], [71.4753932, 51.1095746], [71.4744034, 51.1096958], [71.473816, 51.108096], [71.4711875, 51.1081735], [71.4717883, 51.1097766], [71.470991, 51.1097202], [71.4706457, 51.1096958], [71.4683573, 51.1094657], [71.4683014, 51.1094601], [71.4678474, 51.1094442], [71.4673164, 51.1094255], [71.4672446, 51.109423], [71.4669437, 51.1094235], [71.4656961, 51.1094257], [71.4647094, 51.1094646], [71.4642567, 51.1094909], [71.4637931, 51.1095335]]]}, "properties": {"id": "5483194b-9eaa-3430-87c4-89e93af366dc", "name": null, "class": "park", "district_id": "saraishyk"}}, {"type": "Feature", "geometry": {"type": "Polygon", "coordinates": [[[71.4563716, 51.1119081], [71.4563743, 51.1118685], [71.4563582, 51.1118432], [71.4563327, 51.1118155], [71.4563723, 51.1117898], [71.4563998, 51.111807], [71.4564212, 51.111842], [71.4564347, 51.1118912], [71.456432, 51.1119241], [71.4563716, 51.1119081]]]}, "properties": {"id": "6d13f5da-44b6-38de-94ee-0441454caf23", "name": null, "class": "village_green", "district_id": "saraishyk"}}, {"type": "Feature", "geometry": {"type": "Polygon", "coordinates": [[[71.5057446, 51.1260157], [71.5060958, 51.1255209], [71.5060535, 51.1254736], [71.5062834, 51.1251451], [71.5062108, 51.1248097], [71.5059026, 51.1239669], [71.5063117, 51.1238961], [71.5066225, 51.1246709], [71.5075209, 51.1245038], [71.5063306, 51.1261715], [71.5057446, 51.1260157]]]}, "properties": {"id": "8a48928e-f046-3fdc-ae82-bd6c61ad0e1f", "name": null, "class": "park", "district_id": "saraishyk"}}, {"type": "Feature", "geometry": {"type": "Polygon", "coordinates": [[[71.452913, 51.1178258], [71.4529259, 51.1178281], [71.4529364, 51.1178333], [71.452943, 51.1178406], [71.4529446, 51.117849], [71.4529409, 51.1178571], [71.4529327, 51.1178637], [71.452921, 51.1178678], [71.4529077, 51.1178688], [71.4528948, 51.1178665], [71.4528843, 51.1178613], [71.4528777, 51.117854], [71.4528762, 51.1178456], [71.4528798, 51.1178375], [71.4528881, 51.1178309], [71.4528998, 51.1178268], [71.452913, 51.1178258]]]}, "properties": {"id": "973be05c-a245-33dd-9a9e-0a0b7a537919", "name": null, "class": "village_green", "district_id": "saraishyk"}}, {"type": "Feature", "geometry": {"type": "Polygon", "coordinates": [[[71.6510832, 51.1124575], [71.6507184, 51.1118967], [71.6504743, 51.111464], [71.65155, 51.1112097], [71.6521132, 51.1121981], [71.6510832, 51.1124575]]]}, "properties": {"id": "9782333e-016a-3764-8f77-1e3e80564ee0", "name": null, "class": "park", "district_id": "saraishyk"}}, {"type": "Feature", "geometry": {"type": "Polygon", "coordinates": [[[71.4546208, 51.1133027], [71.4546401, 51.1133075], [71.454655, 51.1133165], [71.4546633, 51.1133285], [71.4546637, 51.1133415], [71.4546561, 51.1133536], [71.4546418, 51.113363], [71.4546228, 51.1133682], [71.454602, 51.1133684], [71.4545827, 51.1133637], [71.4545678, 51.1133546], [71.4545595, 51.1133427], [71.4545591, 51.1133297], [71.4545667, 51.1133176], [71.4545811, 51.1133082], [71.4546001, 51.113303], [71.4546208, 51.1133027]]]}, "properties": {"id": "a0d44bd1-0866-3b30-a942-c359e59f20e0", "name": null, "class": "village_green", "district_id": "saraishyk"}}, {"type": "Feature", "geometry": {"type": "Polygon", "coordinates": [[[71.6419208, 51.1182479], [71.6415882, 51.1177597], [71.6431895, 51.1173775], [71.6434792, 51.1178472], [71.6419208, 51.1182479]]]}, "properties": {"id": "a2e993c8-778e-34cd-8ef7-647aa1e0f77c", "name": null, "class": "park", "district_id": "saraishyk"}}, {"type": "Feature", "geometry": {"type": "Polygon", "coordinates": [[[71.452975, 51.118258], [71.4529878, 51.1182589], [71.4529991, 51.1182629], [71.453007, 51.1182692], [71.4530106, 51.118277], [71.4530091, 51.118285], [71.4530028, 51.118292], [71.4529928, 51.1182971], [71.4529804, 51.1182993], [71.4529676, 51.1182983], [71.4529564, 51.1182944], [71.4529484, 51.1182881], [71.4529449, 51.1182803], [71.4529463, 51.1182723], [71.4529526, 51.1182652], [71.4529627, 51.1182602], [71.452975, 51.118258]]]}, "properties": {"id": "a95976bf-08de-31cd-b094-6316a8b1bedd", "name": null, "class": "village_green", "district_id": "saraishyk"}}, {"type": "Feature", "geometry": {"type": "Polygon", "coordinates": [[[71.4527057, 51.1088605], [71.4527245, 51.1088311], [71.4528023, 51.1087654], [71.4529981, 51.1086433], [71.4537317, 51.1082703], [71.4539395, 51.1083553], [71.4536941, 51.1086383], [71.4534487, 51.1089355], [71.4534326, 51.1090138], [71.4534862, 51.1091494], [71.4539623, 51.1097539], [71.4535291, 51.1101117], [71.4533387, 51.110238], [71.4527057, 51.1088605]]]}, "properties": {"id": "aa0a5c96-c853-33e7-8b4a-2eac4f18f6f0", "name": null, "class": "village_green", "district_id": "saraishyk"}}, {"type": "Feature", "geometry": {"type": "Polygon", "coordinates": [[[71.4589212, 51.1149735], [71.4571912, 51.1144309], [71.4572856, 51.1142875], [71.4576553, 51.1138945], [71.4578263, 51.1139611], [71.4586538, 51.1143142], [71.4592795, 51.114577], [71.4589212, 51.1149735]]]}, "properties": {"id": "aadb4b9f-9cae-3876-add6-d10747bd981b", "name": null, "class": "park", "district_id": "saraishyk"}}, {"type": "Feature", "geometry": {"type": "Polygon", "coordinates": [[[71.4488798, 51.1307657], [71.4487677, 51.13054], [71.4492344, 51.1305041], [71.4492628, 51.1305019], [71.4497251, 51.1299744], [71.4501454, 51.1299129], [71.4501566, 51.1299008], [71.4506591, 51.129359], [71.4511448, 51.1292857], [71.4511967, 51.1292195], [71.4515651, 51.1287494], [71.4525995, 51.128618], [71.4526952, 51.1286058], [71.4527073, 51.1286392], [71.4527366, 51.1287202], [71.4530162, 51.1294935], [71.4532229, 51.1300653], [71.4513364, 51.1303695], [71.4506403, 51.1304818], [71.4505813, 51.1304913], [71.4495874, 51.1306516], [71.4488798, 51.1307657]]]}, "properties": {"id": "b8a6c5f7-18c6-3a75-ab72-eccdde989a6f", "name": null, "class": "park", "district_id": "saraishyk"}}, {"type": "Feature", "geometry": {"type": "Polygon", "coordinates": [[[71.4561597, 51.1118521], [71.4561282, 51.1118319], [71.4561644, 51.1118201], [71.4562127, 51.1118184], [71.4562509, 51.1118218], [71.4562288, 51.111847], [71.4561946, 51.1118458], [71.4561597, 51.1118521]]]}, "properties": {"id": "c6d4567a-833a-3572-b26c-40ee4b499ddc", "name": null, "class": "village_green", "district_id": "saraishyk"}}, {"type": "Feature", "geometry": {"type": "Polygon", "coordinates": [[[71.4778958, 51.1199527], [71.4774228, 51.1187788], [71.480775, 51.1182373], [71.4812293, 51.1193651], [71.4809317, 51.1194135], [71.4808902, 51.1194738], [71.4794147, 51.1197152], [71.4793652, 51.1196689], [71.4784198, 51.1198143], [71.4783938, 51.1198183], [71.478386, 51.11988], [71.4778958, 51.1199527]]]}, "properties": {"id": "d687f572-0c40-32ce-9886-09c240e02521", "name": null, "class": "park", "district_id": "saraishyk"}}, {"type": "Feature", "geometry": {"type": "Polygon", "coordinates": [[[71.5960733, 51.1251622], [71.5960742, 51.1246429], [71.5967057, 51.1246433], [71.5967048, 51.1251626], [71.5960733, 51.1251622]]]}, "properties": {"id": "d9683faf-19d5-31be-a321-517c31fc3ac2", "name": "Сквер для детей", "class": "park", "district_id": "saraishyk"}}, {"type": "Feature", "geometry": {"type": "Polygon", "coordinates": [[[71.4562811, 51.1119018], [71.4562831, 51.1118837], [71.4562757, 51.1118626], [71.4563093, 51.1118521], [71.4563274, 51.1118715], [71.4563287, 51.1118967], [71.4563207, 51.1119182], [71.4562811, 51.1119018]]]}, "properties": {"id": "dd6547c0-d164-3dc8-8f72-e88d32655b04", "name": null, "class": "village_green", "district_id": "saraishyk"}}, {"type": "Feature", "geometry": {"type": "Polygon", "coordinates": [[[71.4557493, 51.1120272], [71.4560055, 51.111823], [71.4560538, 51.1118374], [71.4560417, 51.1118702], [71.456041, 51.1119081], [71.4560679, 51.1119476], [71.4560739, 51.1119586], [71.4560142, 51.112007], [71.4557493, 51.1120272]]]}, "properties": {"id": "fb89ec1a-8576-35a4-b79d-e0cc92532e4d", "name": null, "class": "village_green", "district_id": "saraishyk"}}, {"type": "Feature", "geometry": {"type": "Polygon", "coordinates": [[[71.4056583, 51.1706838], [71.4054795, 51.1706132], [71.4054967, 51.1704954], [71.4055045, 51.1702534], [71.4058377, 51.170251], [71.4059687, 51.1705557], [71.4061068, 51.1705746], [71.4061396, 51.1704853], [71.4062574, 51.1704917], [71.4063987, 51.1704398], [71.4073874, 51.1705416], [71.4072819, 51.1709358], [71.4072744, 51.1709637], [71.4057903, 51.1708059], [71.4056583, 51.1706838]]]}, "properties": {"id": "1a4b1f0e-86d8-3209-a563-751e7046b14d", "name": null, "class": "park", "district_id": "saryarka"}}, {"type": "Feature", "geometry": {"type": "Polygon", "coordinates": [[[71.4164177, 51.1657625], [71.4160458, 51.1669114], [71.4160381, 51.1669351], [71.414235, 51.1667056], [71.4146146, 51.165533], [71.4164177, 51.1657625]], [[71.415165, 51.1659967], [71.4153656, 51.1659819], [71.4154686, 51.1656795], [71.4147305, 51.1655934], [71.415165, 51.1659967]], [[71.4148059, 51.1658156], [71.4146715, 51.1656997], [71.4146114, 51.165985], [71.4147744, 51.1661088], [71.4150062, 51.166141], [71.4150834, 51.1660549], [71.4148836, 51.1658826], [71.4148059, 51.1658156]], [[71.4149365, 51.1662446], [71.4146961, 51.1662231], [71.4144387, 51.1663307], [71.41437, 51.1665783], [71.414598, 51.1664897], [71.4149794, 51.1663415], [71.4149365, 51.1662446]], [[71.4146219, 51.1665853], [71.4143872, 51.166686], [71.4151167, 51.1667721], [71.4152111, 51.1664922], [71.4150395, 51.1664061], [71.4146219, 51.1665853]], [[71.4154617, 51.165992], [71.4156683, 51.1660664], [71.41632, 51.1657821], [71.4155561, 51.1657014], [71.4154617, 51.165992]], [[71.4157744, 51.1662291], [71.4161978, 51.1662942], [71.4163275, 51.1659122], [71.4160465, 51.1660145], [71.4157347, 51.1661279], [71.4157744, 51.1662291]], [[71.4160008, 51.166799], [71.4161209, 51.1664276], [71.415666, 51.166363], [71.4156231, 51.1664384], [71.4160008, 51.166799]], [[71.4152369, 51.1667828], [71.4159493, 51.1668851], [71.4157849, 51.1667231], [71.4155287, 51.1664707], [71.4153141, 51.1665137], [71.4152369, 51.1667828]]]}, "properties": {"id": "21b0b060-b50c-3faa-8cf0-268565ef07ac", "name": "Гүл бақшасы", "class": "park", "district_id": "saryarka"}}, {"type": "Feature", "geometry": {"type": "Polygon", "coordinates": [[[71.4058295, 51.1715345], [71.4060169, 51.1709097], [71.4064876, 51.170965], [71.4063236, 51.171598], [71.4058295, 51.1715345]]]}, "properties": {"id": "21e4dbc4-8f88-3ac4-914e-9e2ef7ad6f59", "name": null, "class": "park", "district_id": "saryarka"}}, {"type": "Feature", "geometry": {"type": "Polygon", "coordinates": [[[71.423257, 51.1620812], [71.4233389, 51.1617985], [71.4236712, 51.1618363], [71.4235893, 51.162119], [71.423257, 51.1620812]]]}, "properties": {"id": "2b5ef324-7f06-331f-9afb-24e948ddd22e", "name": null, "class": "park", "district_id": "saryarka"}}, {"type": "Feature", "geometry": {"type": "Polygon", "coordinates": [[[71.4119804, 51.1756319], [71.4118168, 51.1756], [71.4117175, 51.1755613], [71.4116397, 51.1755293], [71.4115807, 51.175457], [71.4115083, 51.1753679], [71.4119965, 51.1737132], [71.4128467, 51.1738309], [71.4127904, 51.1741084], [71.4131337, 51.1741555], [71.4129567, 51.1747524], [71.4126161, 51.1748365], [71.412482, 51.1751711], [71.4121172, 51.1752334], [71.4119804, 51.1756319]]]}, "properties": {"id": "323182b2-1b4f-35c3-ab1e-0cc845104e82", "name": "Ақжайық сквері", "class": "park", "district_id": "saryarka"}}, {"type": "Feature", "geometry": {"type": "Polygon", "coordinates": [[[71.4257719, 51.165044], [71.4258373, 51.1647717], [71.4259354, 51.1646838], [71.4259307, 51.1646428], [71.4261175, 51.1646048], [71.4262389, 51.1645843], [71.4262576, 51.1645023], [71.426421, 51.1645403], [71.4264724, 51.164552], [71.4264537, 51.1646077], [71.4265798, 51.1646194], [71.4266032, 51.164552], [71.426762, 51.1645667], [71.4273364, 51.1646048], [71.4271636, 51.1652051], [71.426888, 51.1651758], [71.4257719, 51.165044]]]}, "properties": {"id": "470c0865-458b-31f0-82b9-f913f5b0deec", "name": "Сквер шахматистов", "class": "park", "district_id": "saryarka"}}, {"type": "Feature", "geometry": {"type": "Polygon", "coordinates": [[[71.4072486, 51.1949571], [71.4075819, 51.1950202], [71.4078091, 51.195296], [71.407731, 51.1955229], [71.4071844, 51.1956897], [71.4068827, 51.1956407], [71.4066115, 51.1953068], [71.4067659, 51.1951039], [71.4072486, 51.1949571]]]}, "properties": {"id": "4a636fb3-b5dd-330c-8c2d-ece66f9e19c7", "name": null, "class": "park", "district_id": "saryarka"}}, {"type": "Feature", "geometry": {"type": "Polygon", "coordinates": [[[71.4200497, 51.1829996], [71.4201728, 51.1825921], [71.4221197, 51.1828079], [71.4220107, 51.1832075], [71.4200497, 51.1829996]]]}, "properties": {"id": "50d904c7-2ae2-3100-ba7c-3ea29c198ee5", "name": null, "class": "park", "district_id": "saryarka"}}, {"type": "Feature", "geometry": {"type": "Polygon", "coordinates": [[[71.414085, 51.1635796], [71.4144938, 51.1622307], [71.4148367, 51.1622781], [71.4149123, 51.1623356], [71.4145205, 51.1635112], [71.414425, 51.1635658], [71.4142818, 51.1636009], [71.414085, 51.1635796]]]}, "properties": {"id": "73d46f72-a208-33fc-a1be-3dae59cc56e0", "name": null, "class": "park", "district_id": "saryarka"}}, {"type": "Feature", "geometry": {"type": "Polygon", "coordinates": [[[71.4235406, 51.1608906], [71.4238168, 51.1607476], [71.4239681, 51.1608731], [71.4237283, 51.1616829], [71.4234091, 51.1616324], [71.4235727, 51.1610706], [71.4235406, 51.1608906]]]}, "properties": {"id": "8fceb6c2-3131-3dc9-b2c3-912a98cc91b9", "name": null, "class": "park", "district_id": "saryarka"}}, {"type": "Feature", "geometry": {"type": "Polygon", "coordinates": [[[71.3517058, 51.1788789], [71.3494479, 51.1764073], [71.3521536, 51.1755359], [71.3534975, 51.1769755], [71.3517058, 51.1788789]]]}, "properties": {"id": "a773c171-9f25-33e6-bf8f-9dd1346cb1ad", "name": null, "class": "park", "district_id": "saryarka"}}, {"type": "Feature", "geometry": {"type": "Polygon", "coordinates": [[[71.4178747, 51.1698232], [71.4173078, 51.1697692], [71.4174433, 51.169205], [71.4180349, 51.1692746], [71.4178747, 51.1698232]]]}, "properties": {"id": "abddfc3c-5650-3356-9e87-74078ca77326", "name": null, "class": "park", "district_id": "saryarka"}}, {"type": "Feature", "geometry": {"type": "Polygon", "coordinates": [[[71.4164064, 51.1669911], [71.4167901, 51.1657834], [71.4189125, 51.1660364], [71.4184987, 51.1672525], [71.4164064, 51.1669911]]]}, "properties": {"id": "adb8ceb1-8489-3184-aa98-72953cda992e", "name": "Тұңғыш Президент мұражайының алаңы", "class": "park", "district_id": "saryarka"}}, {"type": "Feature", "geometry": {"type": "Polygon", "coordinates": [[[71.3516936, 51.1795147], [71.3525803, 51.1785495], [71.3537274, 51.1773008], [71.3546401, 51.1779037], [71.3549444, 51.1783154], [71.3554206, 51.1789596], [71.3529128, 51.1794607], [71.3524783, 51.1797835], [71.3516936, 51.1795147]]]}, "properties": {"id": "b7577280-5c8d-315f-a69d-f024f49d9caf", "name": null, "class": "park", "district_id": "saryarka"}}, {"type": "Feature", "geometry": {"type": "Polygon", "coordinates": [[[71.3373721, 51.180641], [71.3367605, 51.1800559], [71.3379005, 51.1795784], [71.3384879, 51.1800963], [71.3373721, 51.180641]]]}, "properties": {"id": "bb5ff771-98d8-33f9-bb17-d6cf3f6956d3", "name": null, "class": "park", "district_id": "saryarka"}}, {"type": "Feature", "geometry": {"type": "Polygon", "coordinates": [[[71.3491452, 51.1758841], [71.3479208, 51.1732218], [71.3498492, 51.1718], [71.3498819, 51.1717759], [71.3507831, 51.1720786], [71.3519604, 51.1749507], [71.3491452, 51.1758841]]]}, "properties": {"id": "cc92e0e2-145c-3f5a-875c-1f5ae2de539c", "name": "Көктал саябағы", "class": "park", "district_id": "saryarka"}}, {"type": "Feature", "geometry": {"type": "Polygon", "coordinates": [[[71.4215544, 51.1611413], [71.4222584, 51.1611648], [71.4221243, 51.1615584], [71.4219983, 51.1615264], [71.4218977, 51.1618267], [71.4216496, 51.1618158], [71.4215544, 51.1611413]]]}, "properties": {"id": "dd661a57-c69d-3ea1-aaf9-7a4ca28ad671", "name": null, "class": "park", "district_id": "saryarka"}}, {"type": "Feature", "geometry": {"type": "Polygon", "coordinates": [[[71.4152833, 51.1766194], [71.4153225, 51.1764747], [71.4160867, 51.1765561], [71.4160475, 51.1767008], [71.4152833, 51.1766194]]]}, "properties": {"id": "e80a8cbf-07a9-3291-bdc1-18af4af3fbac", "name": null, "class": "park", "district_id": "saryarka"}}]}